-- MySQL dump 10.13  Distrib 5.5.52, for debian-linux-gnu (x86_64)
--
-- Host: localhost    Database: shop
-- ------------------------------------------------------
-- Server version	5.5.52-0ubuntu0.14.04.1

/*!40101 SET @OLD_CHARACTER_SET_CLIENT=@@CHARACTER_SET_CLIENT */;
/*!40101 SET @OLD_CHARACTER_SET_RESULTS=@@CHARACTER_SET_RESULTS */;
/*!40101 SET @OLD_COLLATION_CONNECTION=@@COLLATION_CONNECTION */;
/*!40101 SET NAMES utf8 */;
/*!40103 SET @OLD_TIME_ZONE=@@TIME_ZONE */;
/*!40103 SET TIME_ZONE='+00:00' */;
/*!40014 SET @OLD_UNIQUE_CHECKS=@@UNIQUE_CHECKS, UNIQUE_CHECKS=0 */;
/*!40014 SET @OLD_FOREIGN_KEY_CHECKS=@@FOREIGN_KEY_CHECKS, FOREIGN_KEY_CHECKS=0 */;
/*!40101 SET @OLD_SQL_MODE=@@SQL_MODE, SQL_MODE='NO_AUTO_VALUE_ON_ZERO' */;
/*!40111 SET @OLD_SQL_NOTES=@@SQL_NOTES, SQL_NOTES=0 */;

--
-- Table structure for table `think_address`
--

DROP TABLE IF EXISTS `think_address`;
/*!40101 SET @saved_cs_client     = @@character_set_client */;
/*!40101 SET character_set_client = utf8 */;
CREATE TABLE `think_address` (
  `id` int(11) unsigned NOT NULL AUTO_INCREMENT COMMENT '自增主键',
  `user_id` int(11) NOT NULL COMMENT '用户id',
  `receiver` varchar(32) COLLATE utf8_unicode_ci NOT NULL COMMENT '收货人',
  `rece_phone` varchar(11) COLLATE utf8_unicode_ci NOT NULL COMMENT '手机号码',
  `province` varchar(50) COLLATE utf8_unicode_ci NOT NULL COMMENT '省份地址',
  `city` varchar(50) COLLATE utf8_unicode_ci NOT NULL COMMENT '城市地址',
  `district` varchar(50) COLLATE utf8_unicode_ci NOT NULL COMMENT '区镇地址',
  `post_address` varchar(200) COLLATE utf8_unicode_ci NOT NULL COMMENT '后置地址',
  `is_default` int(1) NOT NULL COMMENT '是否默认',
  `addtime` int(13) NOT NULL COMMENT '添加时间',
  PRIMARY KEY (`id`),
  KEY `user_id` (`user_id`),
  KEY `user_id_2` (`user_id`),
  KEY `user_id_3` (`user_id`)
) ENGINE=InnoDB AUTO_INCREMENT=38 DEFAULT CHARSET=utf8 COLLATE=utf8_unicode_ci;
/*!40101 SET character_set_client = @saved_cs_client */;

--
-- Dumping data for table `think_address`
--

LOCK TABLES `think_address` WRITE;
/*!40000 ALTER TABLE `think_address` DISABLE KEYS */;
INSERT INTO `think_address` VALUES (10,4,'penn','15818263192','广东省','东莞市','松山湖','大学路1号东莞理工学院7栋宿舍',1,1475047649),(15,4,'liujing  ','12345678901','广东省','深圳市','南山区','大新xx街道xx坊xx号',0,1475062529),(17,4,'爱萝莉真是太好了 ','12345678901','福建省','福州市','仓山区','鸟不拉屎的地方～～～～',0,1475079413),(33,4,'山治','13333333333','香港特别行政区','深水埗区','','暂时不知道在哪里~~!- -',0,1476344863),(36,4,'皮城女警         ','13422222222','上海市','上海市市辖区','静安区','皮城戒备19区',0,1476347685),(37,5,'penn','11111111111','北京市','北京市市辖区','东城区','大厦按时 ',0,1477906877);
/*!40000 ALTER TABLE `think_address` ENABLE KEYS */;
UNLOCK TABLES;

--
-- Table structure for table `think_admin`
--

DROP TABLE IF EXISTS `think_admin`;
/*!40101 SET @saved_cs_client     = @@character_set_client */;
/*!40101 SET character_set_client = utf8 */;
CREATE TABLE `think_admin` (
  `id` int(11) NOT NULL AUTO_INCREMENT COMMENT '自增主键',
  `account` varchar(20) COLLATE utf8_unicode_ci NOT NULL COMMENT '管理员账户',
  `password` varchar(32) COLLATE utf8_unicode_ci NOT NULL COMMENT '管理员密码',
  `name` varchar(32) COLLATE utf8_unicode_ci NOT NULL COMMENT '管理员名称',
  `power` varchar(2) COLLATE utf8_unicode_ci NOT NULL COMMENT '管理员权限',
  `addtime` int(13) NOT NULL COMMENT '注册时间',
  PRIMARY KEY (`id`)
) ENGINE=MyISAM AUTO_INCREMENT=3 DEFAULT CHARSET=utf8 COLLATE=utf8_unicode_ci;
/*!40101 SET character_set_client = @saved_cs_client */;

--
-- Dumping data for table `think_admin`
--

LOCK TABLES `think_admin` WRITE;
/*!40000 ALTER TABLE `think_admin` DISABLE KEYS */;
INSERT INTO `think_admin` VALUES (1,'penn','e10adc3949ba59abbe56e057f20f883e','鹏','',1475205518),(2,'admin','e10adc3949ba59abbe56e057f20f883e','鹏','',1475205518);
/*!40000 ALTER TABLE `think_admin` ENABLE KEYS */;
UNLOCK TABLES;

--
-- Table structure for table `think_attr`
--

DROP TABLE IF EXISTS `think_attr`;
/*!40101 SET @saved_cs_client     = @@character_set_client */;
/*!40101 SET character_set_client = utf8 */;
CREATE TABLE `think_attr` (
  `id` int(11) unsigned NOT NULL AUTO_INCREMENT COMMENT '自增主键',
  `goods_id` int(11) NOT NULL COMMENT '商品ID',
  `goods_sn` int(20) NOT NULL COMMENT '商品序列号',
  `word_description` varchar(200) COLLATE utf8_unicode_ci NOT NULL COMMENT '文字描述',
  `picture_description` mediumtext COLLATE utf8_unicode_ci NOT NULL COMMENT '图片描述',
  PRIMARY KEY (`id`)
) ENGINE=InnoDB AUTO_INCREMENT=30 DEFAULT CHARSET=utf8 COLLATE=utf8_unicode_ci;
/*!40101 SET character_set_client = @saved_cs_client */;

--
-- Dumping data for table `think_attr`
--

LOCK TABLES `think_attr` WRITE;
/*!40000 ALTER TABLE `think_attr` DISABLE KEYS */;
INSERT INTO `think_attr` VALUES (1,7,1000001,'',' &nbsp; &nbsp; &nbsp; &nbsp; &nbsp; &nbsp; &nbsp; &nbsp; &nbsp; &nbsp; &nbsp; &nbsp; &nbsp; &nbsp; &nbsp; &nbsp; &nbsp; &nbsp; &nbsp; &nbsp; &nbsp; &nbsp; &nbsp; &nbsp; &nbsp; &nbsp; &nbsp; &nbsp;<img src=\"/Public/images/tw1.jpg\"/><img src=\"/Public/images/tw2.jpg\"/><img src=\"/Public/images/tw3.jpg\"/><img src=\"/Public/images/tw4.jpg\"/><img src=\"/Public/images/tw5.jpg\"/><img src=\"/Public/images/tw6.jpg\"/><img src=\"/Public/images/tw7.jpg\"/> &nbsp; &nbsp; &nbsp; &nbsp; &nbsp; &nbsp; &nbsp; &nbsp; &nbsp; &nbsp; &nbsp; &nbsp; &nbsp; &nbsp; &nbsp; &nbsp; &nbsp; &nbsp; &nbsp; &nbsp; &nbsp; &nbsp; &nbsp; &nbsp;'),(2,8,1000011,'','<p style=\"margin-top: 1.12em; margin-bottom: 1.12em; padding: 0px; line-height: 1.4; color: rgb(64, 64, 64); font-family: tahoma, arial, 宋体, sans-serif; font-size: 14px; white-space: normal; background-color: rgb(255, 255, 255);\"><img height=\"38\" src=\"https://img.alicdn.com/imgextra/i4/725677994/TB29lOvcXXXXXbGXXXXXXXXXXXX_!!725677994.jpg\" width=\"740\" class=\"img-ks-lazyload\" style=\"margin: 0px; padding: 0px; border: 0px; animation: ks-fadeIn 350ms linear 0ms 1 normal both; opacity: 1; vertical-align: top; float: none;\"/><span style=\"margin: 0px; padding: 0px; line-height: 1.5;\">&nbsp;</span></p><p style=\"margin-top: 1.12em; margin-bottom: 1.12em; padding: 0px; line-height: 1.4; color: rgb(64, 64, 64); font-family: tahoma, arial, 宋体, sans-serif; font-size: 14px; white-space: normal; background-color: rgb(255, 255, 255);\"><img alt=\"\" src=\"https://img.alicdn.com/imgextra/i4/725677994/TB2UYg1gFXXXXbjXXXXXXXXXXXX_!!725677994.jpg\" class=\"img-ks-lazyload\" style=\"margin: 0px; padding: 0px; border: 0px; animation: ks-fadeIn 350ms linear 0ms 1 normal both; opacity: 1; vertical-align: top; float: none;\"/><img alt=\"\" src=\"https://img.alicdn.com/imgextra/i2/725677994/TB2p1I_gFXXXXXDXXXXXXXXXXXX_!!725677994.jpg\" class=\"img-ks-lazyload\" style=\"margin: 0px; padding: 0px; border: 0px; animation: ks-fadeIn 350ms linear 0ms 1 normal both; opacity: 1; vertical-align: top; float: none;\"/><img alt=\"\" src=\"https://img.alicdn.com/imgextra/i1/725677994/TB2hfZFgFXXXXa4XpXXXXXXXXXX_!!725677994.jpg\" class=\"img-ks-lazyload\" style=\"margin: 0px; padding: 0px; border: 0px; animation: ks-fadeIn 350ms linear 0ms 1 normal both; opacity: 1; vertical-align: top; float: none;\"/><img alt=\"\" src=\"https://img.alicdn.com/imgextra/i2/725677994/TB2DLU8gFXXXXXUXXXXXXXXXXXX_!!725677994.jpg\" class=\"img-ks-lazyload\" style=\"margin: 0px; padding: 0px; border: 0px; animation: ks-fadeIn 350ms linear 0ms 1 normal both; opacity: 1; vertical-align: top; float: none;\"/><img alt=\"\" src=\"https://img.alicdn.com/imgextra/i1/725677994/TB2pxA5gFXXXXawXXXXXXXXXXXX_!!725677994.jpg\" class=\"img-ks-lazyload\" style=\"margin: 0px; padding: 0px; border: 0px; animation: ks-fadeIn 350ms linear 0ms 1 normal both; opacity: 1; vertical-align: top; float: none;\"/><img alt=\"\" src=\"https://img.alicdn.com/imgextra/i2/725677994/TB2AkEBgFXXXXccXpXXXXXXXXXX_!!725677994.jpg\" class=\"img-ks-lazyload\" style=\"margin: 0px; padding: 0px; border: 0px; animation: ks-fadeIn 350ms linear 0ms 1 normal both; opacity: 1; vertical-align: top; float: none;\"/><img alt=\"\" src=\"https://img.alicdn.com/imgextra/i4/725677994/TB258QDgFXXXXbXXpXXXXXXXXXX_!!725677994.jpg\" class=\"img-ks-lazyload\" style=\"margin: 0px; padding: 0px; border: 0px; animation: ks-fadeIn 350ms linear 0ms 1 normal both; opacity: 1; vertical-align: top; float: none;\"/><img alt=\"\" src=\"https://img.alicdn.com/imgextra/i1/725677994/TB2tIQCgFXXXXblXpXXXXXXXXXX_!!725677994.jpg\" class=\"img-ks-lazyload\" style=\"margin: 0px; padding: 0px; border: 0px; animation: ks-fadeIn 350ms linear 0ms 1 normal both; opacity: 1; vertical-align: top; float: none;\"/></p><p style=\"margin-top: 1.12em; margin-bottom: 1.12em; padding: 0px; line-height: 1.4; color: rgb(64, 64, 64); font-family: tahoma, arial, 宋体, sans-serif; font-size: 14px; white-space: normal; background-color: rgb(255, 255, 255);\"><img alt=\"\" src=\"https://img.alicdn.com/imgextra/i2/725677994/TB2Wgo7gFXXXXaaXXXXXXXXXXXX_!!725677994.jpg\" class=\"img-ks-lazyload\" style=\"margin: 0px; padding: 0px; border: 0px; animation: ks-fadeIn 350ms linear 0ms 1 normal both; opacity: 1; vertical-align: top; float: none;\"/></p><p style=\"margin-top: 1.12em; margin-bottom: 1.12em; padding: 0px; line-height: 1.4; color: rgb(64, 64, 64); font-family: tahoma, arial, 宋体, sans-serif; font-size: 14px; white-space: normal; background-color: rgb(255, 255, 255);\"><img alt=\"\" src=\"https://img.alicdn.com/imgextra/i2/725677994/TB2kXQBgFXXXXcFXpXXXXXXXXXX_!!725677994.jpg\" class=\"img-ks-lazyload\" style=\"margin: 0px; padding: 0px; border: 0px; animation: ks-fadeIn 350ms linear 0ms 1 normal both; opacity: 1; vertical-align: top; float: none;\"/></p>'),(3,19,101,'','<p>测试～～～～</p>'),(4,19,102,'','<p>测试～～～～</p>'),(5,20,1010,'','<table width=\"790\" cellpadding=\"0\" cellspacing=\"0\" style=\"width: 768px;\"><tbody style=\"margin: 0px; padding: 0px;\"><tr style=\"margin: 0px; padding: 0px;\" class=\"firstRow\"><td style=\"margin: 0px; padding: 0px; border-color: rgb(0, 0, 0);\"><img src=\"https://img.alicdn.com/imgextra/i2/2057428013/TB2Sv0TqpXXXXXUXXXXXXXXXXXX_!!2057428013.jpg\" width=\"790\" alt=\"\" class=\"img-ks-lazyload\" style=\"margin: 0px; padding: 0px; border: 0px; vertical-align: top; animation: ks-fadeIn 350ms linear 0ms 1 normal both; opacity: 1;\"/></td></tr><tr style=\"margin: 0px; padding: 0px;\"><td style=\"margin: 0px; padding: 0px; border-color: rgb(0, 0, 0);\"><img src=\"https://img.alicdn.com/imgextra/i1/725677994/TB2n7bhqFXXXXb_XXXXXXXXXXXX_!!725677994.jpg\" alt=\"\" width=\"790\" border=\"0\" usemap=\"#Map\" class=\"img-ks-lazyload\" style=\"margin: 0px; padding: 0px; border: 0px; vertical-align: top; animation: ks-fadeIn 350ms linear 0ms 1 normal both; opacity: 1;\"/></td></tr><tr style=\"margin: 0px; padding: 0px;\"><td style=\"margin: 0px; padding: 0px; border-color: rgb(0, 0, 0);\"><img src=\"https://img.alicdn.com/imgextra/i2/725677994/TB2RneRqFXXXXciXpXXXXXXXXXX_!!725677994.jpg\" alt=\"\" width=\"790\" border=\"0\" usemap=\"#Map2\" class=\"img-ks-lazyload\" style=\"margin: 0px; padding: 0px; border: 0px; vertical-align: top; animation: ks-fadeIn 350ms linear 0ms 1 normal both; opacity: 1;\"/><map name=\"Map2\" style=\"margin: 0px; padding: 0px;\"><area coords=\"525,11,757,299\" href=\"https://chaoshi.detail.tmall.com/item.htm?id=45708439078\" style=\"margin: 0px; padding: 0px;\"/><area coords=\"278,11,510,299\" href=\"https://chaoshi.detail.tmall.com/item.htm?id=531608164782\" style=\"margin: 0px; padding: 0px;\"/><area coords=\"33,11,270,300\" href=\"https://chaoshi.detail.tmall.com/item.htm?id=531380891957\" style=\"margin: 0px; padding: 0px;\"/></map></td></tr><tr style=\"margin: 0px; padding: 0px;\"><td style=\"margin: 0px; padding: 0px; border-color: rgb(0, 0, 0);\"><img src=\"https://img.alicdn.com/imgextra/i1/725677994/TB2Mve_qFXXXXamXpXXXXXXXXXX_!!725677994.jpg\" alt=\"\" width=\"790\" border=\"0\" usemap=\"#Map3\" class=\"img-ks-lazyload\" style=\"margin: 0px; padding: 0px; border: 0px; vertical-align: top; animation: ks-fadeIn 350ms linear 0ms 1 normal both; opacity: 1;\"/></td></tr></tbody></table><p><map name=\"Map\" style=\"margin: 0px; padding: 0px; color: rgb(64, 64, 64); font-family: tahoma, arial, 宋体, sans-serif; font-size: 14px; white-space: normal; background-color: rgb(255, 255, 255);\"><area coords=\"31,10,271,305\" href=\"https://chaoshi.detail.tmall.com/item.htm?id=42460864727\" style=\"margin: 0px; padding: 0px;\"/><area coords=\"283,10,507,306\" href=\"https://chaoshi.detail.tmall.com/item.htm?id=42294531486\" style=\"margin: 0px; padding: 0px;\"/><area coords=\"524,10,752,306\" href=\"https://chaoshi.detail.tmall.com/item.htm?id=520114629178\" style=\"margin: 0px; padding: 0px;\"/></map><span style=\"color: rgb(64, 64, 64); font-family: tahoma, arial, 宋体, sans-serif; font-size: 14px; background-color: rgb(255, 255, 255);\"></span><map name=\"Map2\" style=\"margin: 0px; padding: 0px; color: rgb(64, 64, 64); font-family: tahoma, arial, 宋体, sans-serif; font-size: 14px; white-space: normal; background-color: rgb(255, 255, 255);\"><area coords=\"283,10,520,299\" style=\"margin: 0px; padding: 0px;\"/><area coords=\"34,10,271,299\" style=\"margin: 0px; padding: 0px;\"/></map><span style=\"color: rgb(64, 64, 64); font-family: tahoma, arial, 宋体, sans-serif; font-size: 14px; background-color: rgb(255, 255, 255);\"></span><map name=\"Map3\" style=\"margin: 0px; padding: 0px; color: rgb(64, 64, 64); font-family: tahoma, arial, 宋体, sans-serif; font-size: 14px; white-space: normal; background-color: rgb(255, 255, 255);\"><area coords=\"523,9,758,306\" href=\"https://chaoshi.detail.tmall.com/item.htm?id=531502031489\" style=\"margin: 0px; padding: 0px;\"/><area coords=\"278,9,513,306\" href=\"https://chaoshi.detail.tmall.com/item.htm?id=531458709460\" style=\"margin: 0px; padding: 0px;\"/><area coords=\"34,9,269,306\" href=\"https://chaoshi.detail.tmall.com/item.htm?id=531459149111\" style=\"margin: 0px; padding: 0px;\"/></map><span style=\"color: rgb(64, 64, 64); font-family: tahoma, arial, 宋体, sans-serif; font-size: 14px; background-color: rgb(255, 255, 255);\"></span></p><p style=\"margin-top: 1.12em; margin-bottom: 1.12em; padding: 0px; line-height: 1.4; color: rgb(64, 64, 64); font-family: tahoma, arial, 宋体, sans-serif; font-size: 14px; white-space: normal; background-color: rgb(255, 255, 255);\"><img src=\"https://img.alicdn.com/imgextra/i4/2057428013/TB20JpfgpXXXXXmXXXXXXXXXXXX_!!2057428013.jpg\" class=\"img-ks-lazyload\" style=\"margin: 0px; padding: 0px; border: 0px; animation: ks-fadeIn 350ms linear 0ms 1 normal both; opacity: 1; vertical-align: top; float: none; line-height: 1.5;\"/></p><p><img src=\"https://img.alicdn.com/imgextra/i3/2057428013/TB2QWMTgXXXXXa1XpXXXXXXXXXX_!!2057428013.jpg\" class=\"img-ks-lazyload\" style=\"margin: 0px; padding: 0px; border: 0px; animation: ks-fadeIn 350ms linear 0ms 1 normal both; opacity: 1; vertical-align: top;\"/></p><p><img src=\"https://img.alicdn.com/imgextra/i2/2057428013/TB29UM8gXXXXXbZXXXXXXXXXXXX_!!2057428013.jpg\" class=\"img-ks-lazyload\" style=\"margin: 0px; padding: 0px; border: 0px; animation: ks-fadeIn 350ms linear 0ms 1 normal both; opacity: 1; vertical-align: top;\"/></p><p><img src=\"https://img.alicdn.com/imgextra/i1/2057428013/TB26wIWgXXXXXX4XpXXXXXXXXXX_!!2057428013.jpg\" class=\"img-ks-lazyload\" style=\"margin: 0px; padding: 0px; border: 0px; animation: ks-fadeIn 350ms linear 0ms 1 normal both; opacity: 1; vertical-align: top;\"/></p><p>&nbsp;</p><p><img src=\"https://img.alicdn.com/imgextra/i1/2057428013/TB2KblhgpXXXXXsXXXXXXXXXXXX_!!2057428013.jpg\" class=\"img-ks-lazyload\" style=\"margin: 0px; padding: 0px; border: 0px; animation: ks-fadeIn 350ms linear 0ms 1 normal both; opacity: 1; vertical-align: top;\"/></p><p><br/></p>'),(6,20,1011,'','<table width=\"790\" cellpadding=\"0\" cellspacing=\"0\" style=\"width: 768px;\"><tbody style=\"margin: 0px; padding: 0px;\"><tr style=\"margin: 0px; padding: 0px;\" class=\"firstRow\"><td style=\"margin: 0px; padding: 0px; border-color: rgb(0, 0, 0);\"><img src=\"https://img.alicdn.com/imgextra/i2/2057428013/TB2Sv0TqpXXXXXUXXXXXXXXXXXX_!!2057428013.jpg\" width=\"790\" alt=\"\" class=\"img-ks-lazyload\" style=\"margin: 0px; padding: 0px; border: 0px; vertical-align: top; animation: ks-fadeIn 350ms linear 0ms 1 normal both; opacity: 1;\"/></td></tr><tr style=\"margin: 0px; padding: 0px;\"><td style=\"margin: 0px; padding: 0px; border-color: rgb(0, 0, 0);\"><img src=\"https://img.alicdn.com/imgextra/i1/725677994/TB2n7bhqFXXXXb_XXXXXXXXXXXX_!!725677994.jpg\" alt=\"\" width=\"790\" border=\"0\" usemap=\"#Map\" class=\"img-ks-lazyload\" style=\"margin: 0px; padding: 0px; border: 0px; vertical-align: top; animation: ks-fadeIn 350ms linear 0ms 1 normal both; opacity: 1;\"/></td></tr><tr style=\"margin: 0px; padding: 0px;\"><td style=\"margin: 0px; padding: 0px; border-color: rgb(0, 0, 0);\"><img src=\"https://img.alicdn.com/imgextra/i2/725677994/TB2RneRqFXXXXciXpXXXXXXXXXX_!!725677994.jpg\" alt=\"\" width=\"790\" border=\"0\" usemap=\"#Map2\" class=\"img-ks-lazyload\" style=\"margin: 0px; padding: 0px; border: 0px; vertical-align: top; animation: ks-fadeIn 350ms linear 0ms 1 normal both; opacity: 1;\"/><map name=\"Map2\" style=\"margin: 0px; padding: 0px;\"><area coords=\"525,11,757,299\" href=\"https://chaoshi.detail.tmall.com/item.htm?id=45708439078\" style=\"margin: 0px; padding: 0px;\"/><area coords=\"278,11,510,299\" href=\"https://chaoshi.detail.tmall.com/item.htm?id=531608164782\" style=\"margin: 0px; padding: 0px;\"/><area coords=\"33,11,270,300\" href=\"https://chaoshi.detail.tmall.com/item.htm?id=531380891957\" style=\"margin: 0px; padding: 0px;\"/></map></td></tr><tr style=\"margin: 0px; padding: 0px;\"><td style=\"margin: 0px; padding: 0px; border-color: rgb(0, 0, 0);\"><img src=\"https://img.alicdn.com/imgextra/i1/725677994/TB2Mve_qFXXXXamXpXXXXXXXXXX_!!725677994.jpg\" alt=\"\" width=\"790\" border=\"0\" usemap=\"#Map3\" class=\"img-ks-lazyload\" style=\"margin: 0px; padding: 0px; border: 0px; vertical-align: top; animation: ks-fadeIn 350ms linear 0ms 1 normal both; opacity: 1;\"/></td></tr></tbody></table><p><map name=\"Map\" style=\"margin: 0px; padding: 0px; color: rgb(64, 64, 64); font-family: tahoma, arial, 宋体, sans-serif; font-size: 14px; white-space: normal; background-color: rgb(255, 255, 255);\"><area coords=\"31,10,271,305\" href=\"https://chaoshi.detail.tmall.com/item.htm?id=42460864727\" style=\"margin: 0px; padding: 0px;\"/><area coords=\"283,10,507,306\" href=\"https://chaoshi.detail.tmall.com/item.htm?id=42294531486\" style=\"margin: 0px; padding: 0px;\"/><area coords=\"524,10,752,306\" href=\"https://chaoshi.detail.tmall.com/item.htm?id=520114629178\" style=\"margin: 0px; padding: 0px;\"/></map><span style=\"color: rgb(64, 64, 64); font-family: tahoma, arial, 宋体, sans-serif; font-size: 14px; background-color: rgb(255, 255, 255);\"></span><map name=\"Map2\" style=\"margin: 0px; padding: 0px; color: rgb(64, 64, 64); font-family: tahoma, arial, 宋体, sans-serif; font-size: 14px; white-space: normal; background-color: rgb(255, 255, 255);\"><area coords=\"283,10,520,299\" style=\"margin: 0px; padding: 0px;\"/><area coords=\"34,10,271,299\" style=\"margin: 0px; padding: 0px;\"/></map><span style=\"color: rgb(64, 64, 64); font-family: tahoma, arial, 宋体, sans-serif; font-size: 14px; background-color: rgb(255, 255, 255);\"></span><map name=\"Map3\" style=\"margin: 0px; padding: 0px; color: rgb(64, 64, 64); font-family: tahoma, arial, 宋体, sans-serif; font-size: 14px; white-space: normal; background-color: rgb(255, 255, 255);\"><area coords=\"523,9,758,306\" href=\"https://chaoshi.detail.tmall.com/item.htm?id=531502031489\" style=\"margin: 0px; padding: 0px;\"/><area coords=\"278,9,513,306\" href=\"https://chaoshi.detail.tmall.com/item.htm?id=531458709460\" style=\"margin: 0px; padding: 0px;\"/><area coords=\"34,9,269,306\" href=\"https://chaoshi.detail.tmall.com/item.htm?id=531459149111\" style=\"margin: 0px; padding: 0px;\"/></map><span style=\"color: rgb(64, 64, 64); font-family: tahoma, arial, 宋体, sans-serif; font-size: 14px; background-color: rgb(255, 255, 255);\"></span></p><p style=\"margin-top: 1.12em; margin-bottom: 1.12em; padding: 0px; line-height: 1.4; color: rgb(64, 64, 64); font-family: tahoma, arial, 宋体, sans-serif; font-size: 14px; white-space: normal; background-color: rgb(255, 255, 255);\"><img src=\"https://img.alicdn.com/imgextra/i4/2057428013/TB20JpfgpXXXXXmXXXXXXXXXXXX_!!2057428013.jpg\" class=\"img-ks-lazyload\" style=\"margin: 0px; padding: 0px; border: 0px; animation: ks-fadeIn 350ms linear 0ms 1 normal both; opacity: 1; vertical-align: top; float: none; line-height: 1.5;\"/></p><p><img src=\"https://img.alicdn.com/imgextra/i3/2057428013/TB2QWMTgXXXXXa1XpXXXXXXXXXX_!!2057428013.jpg\" class=\"img-ks-lazyload\" style=\"margin: 0px; padding: 0px; border: 0px; animation: ks-fadeIn 350ms linear 0ms 1 normal both; opacity: 1; vertical-align: top;\"/></p><p><img src=\"https://img.alicdn.com/imgextra/i2/2057428013/TB29UM8gXXXXXbZXXXXXXXXXXXX_!!2057428013.jpg\" class=\"img-ks-lazyload\" style=\"margin: 0px; padding: 0px; border: 0px; animation: ks-fadeIn 350ms linear 0ms 1 normal both; opacity: 1; vertical-align: top;\"/></p><p><img src=\"https://img.alicdn.com/imgextra/i1/2057428013/TB26wIWgXXXXXX4XpXXXXXXXXXX_!!2057428013.jpg\" class=\"img-ks-lazyload\" style=\"margin: 0px; padding: 0px; border: 0px; animation: ks-fadeIn 350ms linear 0ms 1 normal both; opacity: 1; vertical-align: top;\"/></p><p>&nbsp;</p><p><img src=\"https://img.alicdn.com/imgextra/i1/2057428013/TB2KblhgpXXXXXsXXXXXXXXXXXX_!!2057428013.jpg\" class=\"img-ks-lazyload\" style=\"margin: 0px; padding: 0px; border: 0px; animation: ks-fadeIn 350ms linear 0ms 1 normal both; opacity: 1; vertical-align: top;\"/></p><p><br/></p>'),(7,20,1012,'','<table width=\"790\" cellpadding=\"0\" cellspacing=\"0\" style=\"width: 768px;\"><tbody style=\"margin: 0px; padding: 0px;\"><tr style=\"margin: 0px; padding: 0px;\" class=\"firstRow\"><td style=\"margin: 0px; padding: 0px; border-color: rgb(0, 0, 0);\"><img src=\"https://img.alicdn.com/imgextra/i2/2057428013/TB2Sv0TqpXXXXXUXXXXXXXXXXXX_!!2057428013.jpg\" width=\"790\" alt=\"\" class=\"img-ks-lazyload\" style=\"margin: 0px; padding: 0px; border: 0px; vertical-align: top; animation: ks-fadeIn 350ms linear 0ms 1 normal both; opacity: 1;\"/></td></tr><tr style=\"margin: 0px; padding: 0px;\"><td style=\"margin: 0px; padding: 0px; border-color: rgb(0, 0, 0);\"><img src=\"https://img.alicdn.com/imgextra/i1/725677994/TB2n7bhqFXXXXb_XXXXXXXXXXXX_!!725677994.jpg\" alt=\"\" width=\"790\" border=\"0\" usemap=\"#Map\" class=\"img-ks-lazyload\" style=\"margin: 0px; padding: 0px; border: 0px; vertical-align: top; animation: ks-fadeIn 350ms linear 0ms 1 normal both; opacity: 1;\"/></td></tr><tr style=\"margin: 0px; padding: 0px;\"><td style=\"margin: 0px; padding: 0px; border-color: rgb(0, 0, 0);\"><img src=\"https://img.alicdn.com/imgextra/i2/725677994/TB2RneRqFXXXXciXpXXXXXXXXXX_!!725677994.jpg\" alt=\"\" width=\"790\" border=\"0\" usemap=\"#Map2\" class=\"img-ks-lazyload\" style=\"margin: 0px; padding: 0px; border: 0px; vertical-align: top; animation: ks-fadeIn 350ms linear 0ms 1 normal both; opacity: 1;\"/><map name=\"Map2\" style=\"margin: 0px; padding: 0px;\"><area coords=\"525,11,757,299\" href=\"https://chaoshi.detail.tmall.com/item.htm?id=45708439078\" style=\"margin: 0px; padding: 0px;\"/><area coords=\"278,11,510,299\" href=\"https://chaoshi.detail.tmall.com/item.htm?id=531608164782\" style=\"margin: 0px; padding: 0px;\"/><area coords=\"33,11,270,300\" href=\"https://chaoshi.detail.tmall.com/item.htm?id=531380891957\" style=\"margin: 0px; padding: 0px;\"/></map></td></tr><tr style=\"margin: 0px; padding: 0px;\"><td style=\"margin: 0px; padding: 0px; border-color: rgb(0, 0, 0);\"><img src=\"https://img.alicdn.com/imgextra/i1/725677994/TB2Mve_qFXXXXamXpXXXXXXXXXX_!!725677994.jpg\" alt=\"\" width=\"790\" border=\"0\" usemap=\"#Map3\" class=\"img-ks-lazyload\" style=\"margin: 0px; padding: 0px; border: 0px; vertical-align: top; animation: ks-fadeIn 350ms linear 0ms 1 normal both; opacity: 1;\"/></td></tr></tbody></table><p><map name=\"Map\" style=\"margin: 0px; padding: 0px; color: rgb(64, 64, 64); font-family: tahoma, arial, 宋体, sans-serif; font-size: 14px; white-space: normal; background-color: rgb(255, 255, 255);\"><area coords=\"31,10,271,305\" href=\"https://chaoshi.detail.tmall.com/item.htm?id=42460864727\" style=\"margin: 0px; padding: 0px;\"/><area coords=\"283,10,507,306\" href=\"https://chaoshi.detail.tmall.com/item.htm?id=42294531486\" style=\"margin: 0px; padding: 0px;\"/><area coords=\"524,10,752,306\" href=\"https://chaoshi.detail.tmall.com/item.htm?id=520114629178\" style=\"margin: 0px; padding: 0px;\"/></map><span style=\"color: rgb(64, 64, 64); font-family: tahoma, arial, 宋体, sans-serif; font-size: 14px; background-color: rgb(255, 255, 255);\"></span><map name=\"Map2\" style=\"margin: 0px; padding: 0px; color: rgb(64, 64, 64); font-family: tahoma, arial, 宋体, sans-serif; font-size: 14px; white-space: normal; background-color: rgb(255, 255, 255);\"><area coords=\"283,10,520,299\" style=\"margin: 0px; padding: 0px;\"/><area coords=\"34,10,271,299\" style=\"margin: 0px; padding: 0px;\"/></map><span style=\"color: rgb(64, 64, 64); font-family: tahoma, arial, 宋体, sans-serif; font-size: 14px; background-color: rgb(255, 255, 255);\"></span><map name=\"Map3\" style=\"margin: 0px; padding: 0px; color: rgb(64, 64, 64); font-family: tahoma, arial, 宋体, sans-serif; font-size: 14px; white-space: normal; background-color: rgb(255, 255, 255);\"><area coords=\"523,9,758,306\" href=\"https://chaoshi.detail.tmall.com/item.htm?id=531502031489\" style=\"margin: 0px; padding: 0px;\"/><area coords=\"278,9,513,306\" href=\"https://chaoshi.detail.tmall.com/item.htm?id=531458709460\" style=\"margin: 0px; padding: 0px;\"/><area coords=\"34,9,269,306\" href=\"https://chaoshi.detail.tmall.com/item.htm?id=531459149111\" style=\"margin: 0px; padding: 0px;\"/></map><span style=\"color: rgb(64, 64, 64); font-family: tahoma, arial, 宋体, sans-serif; font-size: 14px; background-color: rgb(255, 255, 255);\"></span></p><p style=\"margin-top: 1.12em; margin-bottom: 1.12em; padding: 0px; line-height: 1.4; color: rgb(64, 64, 64); font-family: tahoma, arial, 宋体, sans-serif; font-size: 14px; white-space: normal; background-color: rgb(255, 255, 255);\"><img src=\"https://img.alicdn.com/imgextra/i4/2057428013/TB20JpfgpXXXXXmXXXXXXXXXXXX_!!2057428013.jpg\" class=\"img-ks-lazyload\" style=\"margin: 0px; padding: 0px; border: 0px; animation: ks-fadeIn 350ms linear 0ms 1 normal both; opacity: 1; vertical-align: top; float: none; line-height: 1.5;\"/></p><p><img src=\"https://img.alicdn.com/imgextra/i3/2057428013/TB2QWMTgXXXXXa1XpXXXXXXXXXX_!!2057428013.jpg\" class=\"img-ks-lazyload\" style=\"margin: 0px; padding: 0px; border: 0px; animation: ks-fadeIn 350ms linear 0ms 1 normal both; opacity: 1; vertical-align: top;\"/></p><p><img src=\"https://img.alicdn.com/imgextra/i2/2057428013/TB29UM8gXXXXXbZXXXXXXXXXXXX_!!2057428013.jpg\" class=\"img-ks-lazyload\" style=\"margin: 0px; padding: 0px; border: 0px; animation: ks-fadeIn 350ms linear 0ms 1 normal both; opacity: 1; vertical-align: top;\"/></p><p><img src=\"https://img.alicdn.com/imgextra/i1/2057428013/TB26wIWgXXXXXX4XpXXXXXXXXXX_!!2057428013.jpg\" class=\"img-ks-lazyload\" style=\"margin: 0px; padding: 0px; border: 0px; animation: ks-fadeIn 350ms linear 0ms 1 normal both; opacity: 1; vertical-align: top;\"/></p><p>&nbsp;</p><p><img src=\"https://img.alicdn.com/imgextra/i1/2057428013/TB2KblhgpXXXXXsXXXXXXXXXXXX_!!2057428013.jpg\" class=\"img-ks-lazyload\" style=\"margin: 0px; padding: 0px; border: 0px; animation: ks-fadeIn 350ms linear 0ms 1 normal both; opacity: 1; vertical-align: top;\"/></p><p><br/></p>'),(8,21,1,'','<p>真的没有什么可以描述的啊～！！！～</p>'),(9,21,2,'','<p>真的没有什么可以描述的啊～！！！～</p>'),(10,22,1,'','<p>真的没有什么可以描述的啊～！！！～</p>'),(11,22,2,'','<p>真的没有什么可以描述的啊～！！！～</p>'),(12,23,200000101,'','<p>苹果啥的手机是什么呢～～～～～！～！！！~<br/></p>'),(13,23,200000102,'','<p>苹果啥的手机是什么呢～～～～～！～！！！~<br/></p>'),(19,27,200000201,'','<p>先不描述。</p>'),(20,27,200000202,'','<p>先不描述。</p>'),(21,27,200000203,'','<p>先不描述。</p>'),(23,29,200000301,'','<table cellpadding=\"0\" cellspacing=\"0\" width=\"738\"><tbody style=\"margin: 0px; padding: 0px;\"><tr style=\"margin: 0px; padding: 0px;\" class=\"firstRow\"><td style=\"margin: 0px; padding: 0px; border-color: rgb(0, 0, 0);\"><p style=\"margin-top: 1.12em; margin-bottom: 1.12em; line-height: 1.4;\">&nbsp; &nbsp; &nbsp; &nbsp; &nbsp; &nbsp; &nbsp; &nbsp; &nbsp; &nbsp; &nbsp; &nbsp; &nbsp; &nbsp; &nbsp; &nbsp; &nbsp; &nbsp; &nbsp; &nbsp;&nbsp;<img alt=\"\" src=\"https://assets.alicdn.com/sys/wangwang/smiley/48x48/17.gif\" class=\"img-ks-lazyload\" style=\"margin: 0px; padding: 0px; border: 0px; vertical-align: top; animation: ks-fadeIn 350ms linear 0ms 1 normal both; opacity: 1; float: none;\"/>&nbsp;<span style=\"margin: 0px; padding: 0px; font-size: 18px;\">新 老 包 装 随 机 &nbsp;发 货</span></p><a href=\"http://chaoshi.detail.tmall.com/item.htm?spm=1.1.0.0.gRaMdO&id=14301877350&cat_id=50514008\" target=\"_blank\" style=\"margin: 0px; padding: 0px; text-decoration: none; color: rgb(51, 85, 170); outline: 0px;\"></a><a href=\"http://chaoshi.detail.tmall.com/item.htm?spm=1.1.0.0.0foKcY&id=20653347679&cat_id=50514008&skuId=32294890037\" target=\"_blank\" style=\"margin: 0px; padding: 0px; text-decoration: none; color: rgb(51, 85, 170); outline: 0px;\"><img src=\"https://img.alicdn.com/imgextra/i2/725677994/TB2cAv7dVXXXXbVXpXXXXXXXXXX_%21%21725677994.jpg\" alt=\"\" class=\"img-ks-lazyload\" style=\"margin: 0px; padding: 0px; border: 0px; vertical-align: top; animation: ks-fadeIn 350ms linear 0ms 1 normal both; opacity: 1;\"/></a><a href=\"http://chaoshi.detail.tmall.com/item.htm?spm=1.1.0.0.aEjrAb&id=35054090485&cat_id=50514008\" target=\"_blank\" style=\"margin: 0px; padding: 0px; text-decoration: none; color: rgb(51, 85, 170); outline: 0px;\"><img src=\"https://img.alicdn.com/imgextra/i3/725677994/TB2AQsmdVXXXXbGXXXXXXXXXXXX_%21%21725677994.jpg\" alt=\"\" class=\"img-ks-lazyload\" style=\"margin: 0px; padding: 0px; border: 0px; vertical-align: top; animation: ks-fadeIn 350ms linear 0ms 1 normal both; opacity: 1;\"/></a><a href=\"http://chaoshi.detail.tmall.com/item.htm?spm=1.1.0.0.aEjrAb&id=14301877350&cat_id=50514008&skuId=32320573020\" target=\"_blank\" style=\"margin: 0px; padding: 0px; text-decoration: none; color: rgb(51, 85, 170); outline: 0px;\"><img src=\"https://img.alicdn.com/imgextra/i4/725677994/TB2.VMidVXXXXcOXXXXXXXXXXXX_%21%21725677994.jpg\" alt=\"\" class=\"img-ks-lazyload\" style=\"margin: 0px; padding: 0px; border: 0px; vertical-align: top; animation: ks-fadeIn 350ms linear 0ms 1 normal both; opacity: 1;\"/></a><a href=\"https://chaoshi.detail.tmall.com/item.htm?spm=1.1.0.0.htu35s&id=44631066929&rewcatid=50514008\" target=\"_blank\" style=\"margin: 0px; padding: 0px; text-decoration: none; color: rgb(51, 85, 170); outline: 0px;\"><img src=\"https://img.alicdn.com/imgextra/i3/725677994/TB2HAVqgVXXXXXVXXXXXXXXXXXX_!!725677994.jpg\" alt=\"\" class=\"img-ks-lazyload\" style=\"margin: 0px; padding: 0px; border: 0px; vertical-align: top; animation: ks-fadeIn 350ms linear 0ms 1 normal both; opacity: 1;\"/></a><a href=\"http://chaoshi.detail.tmall.com/item.htm?spm=1.1.0.0.qIb2tP&id=17067566763&cat_id=50514008\" target=\"_blank\" style=\"margin: 0px; padding: 0px; text-decoration: none; color: rgb(51, 85, 170); outline: 0px;\"><img src=\"https://img.alicdn.com/imgextra/i3/725677994/TB22NT9dVXXXXbQXpXXXXXXXXXX_%21%21725677994.jpg\" alt=\"\" class=\"img-ks-lazyload\" style=\"margin: 0px; padding: 0px; border: 0px; vertical-align: top; animation: ks-fadeIn 350ms linear 0ms 1 normal both; opacity: 1;\"/></a><a href=\"http://chaoshi.detail.tmall.com/item.htm?spm=1.1.0.0.qIb2tP&id=40141945633&cat_id=50514008\" target=\"_blank\" style=\"margin: 0px; padding: 0px; text-decoration: none; color: rgb(51, 85, 170); outline: 0px;\"><img src=\"https://img.alicdn.com/imgextra/i2/725677994/TB2z.AmdVXXXXbuXXXXXXXXXXXX_%21%21725677994.jpg\" alt=\"\" class=\"img-ks-lazyload\" style=\"margin: 0px; padding: 0px; border: 0px; vertical-align: top; animation: ks-fadeIn 350ms linear 0ms 1 normal both; opacity: 1;\"/></a><a href=\"http://chaoshi.detail.tmall.com/item.htm?spm=1.1.0.0.aEjrAb&id=37594954283&cat_id=50514008&skuId=48091894180\" target=\"_blank\" style=\"margin: 0px; padding: 0px; text-decoration: none; color: rgb(51, 85, 170); outline: 0px;\"><img src=\"https://img.alicdn.com/imgextra/i4/725677994/TB2juwodVXXXXaYXXXXXXXXXXXX_%21%21725677994.jpg\" alt=\"\" class=\"img-ks-lazyload\" style=\"margin: 0px; padding: 0px; border: 0px; vertical-align: top; animation: ks-fadeIn 350ms linear 0ms 1 normal both; opacity: 1;\"/></a><a href=\"http://chaoshi.detail.tmall.com/item.htm?spm=1.1.0.0.aEjrAb&id=17207440201&cat_id=50514008\" target=\"_blank\" style=\"margin: 0px; padding: 0px; text-decoration: none; color: rgb(51, 85, 170); outline: 0px;\"><img src=\"https://img.alicdn.com/imgextra/i3/725677994/TB2Y6UddVXXXXXdXpXXXXXXXXXX_%21%21725677994.jpg\" alt=\"\" border=\"0\" class=\"img-ks-lazyload\" style=\"margin: 0px; padding: 0px; border: 0px; vertical-align: top; animation: ks-fadeIn 350ms linear 0ms 1 normal both; opacity: 1;\"/></a><img src=\"https://img.alicdn.com/imgextra/i4/725677994/TB2UBxacVXXXXbHXXXXXXXXXXXX_%21%21725677994.jpg\" alt=\"\" class=\"img-ks-lazyload\" style=\"margin: 0px; padding: 0px; border: 0px; vertical-align: top; animation: ks-fadeIn 350ms linear 0ms 1 normal both; opacity: 1;\"/><map name=\"Map\" style=\"margin: 0px; padding: 0px;\"></map><a href=\"http://list.tmall.com/search_product.htm?q=%E5%A5%A5%E5%88%A9%E5%A5%A5&user_id=725677994&type=p&cat=50514008&spm=1.1.a2227oh.d100&xl=aoliao+_1&from=chaoshi..pc_1_suggest\" target=\"_blank\" style=\"margin: 0px; padding: 0px; text-decoration: none; color: rgb(51, 85, 170); outline: 0px;\"><img src=\"https://img.alicdn.com/imgextra/i2/725677994/TB2jD38cFXXXXbaXXXXXXXXXXXX_%21%21725677994.jpg\" alt=\"\" class=\"img-ks-lazyload\" style=\"margin: 0px; padding: 0px; border: 0px; vertical-align: top; animation: ks-fadeIn 350ms linear 0ms 1 normal both; opacity: 1;\"/></a><a href=\"http://list.tmall.com//search_product.htm?q=%E9%97%B2%E8%B6%A3&user_id=725677994&type=p&cat=50514008&spm=1.1.a2227oh.d100&xl=xianqu_1&from=chaoshi..pc_1_suggest\" target=\"_blank\" style=\"margin: 0px; padding: 0px; text-decoration: none; color: rgb(51, 85, 170); outline: 0px;\"><img src=\"https://img.alicdn.com/imgextra/i1/725677994/TB2lcI.cFXXXXcnXXXXXXXXXXXX_%21%21725677994.jpg\" alt=\"\" class=\"img-ks-lazyload\" style=\"margin: 0px; padding: 0px; border: 0px; vertical-align: top; animation: ks-fadeIn 350ms linear 0ms 1 normal both; opacity: 1;\"/></a><a href=\"http://list.tmall.com//search_product.htm?q=%E8%B6%A3%E5%A4%9A%E5%A4%9A&user_id=725677994&type=p&cat=50514008&spm=1.1.a2227oh.d100&xl=quduoduo_1&from=chaoshi..pc_1_suggest\" target=\"_blank\" style=\"margin: 0px; padding: 0px; text-decoration: none; color: rgb(51, 85, 170); outline: 0px;\"><img src=\"https://img.alicdn.com/imgextra/i1/725677994/TB2NtBlcVXXXXXxXXXXXXXXXXXX_%21%21725677994.jpg\" alt=\"\" class=\"img-ks-lazyload\" style=\"margin: 0px; padding: 0px; border: 0px; vertical-align: top; animation: ks-fadeIn 350ms linear 0ms 1 normal both; opacity: 1;\"/></a><a href=\"http://list.tmall.com//search_product.htm?q=%E4%BC%98%E5%86%A0&user_id=725677994&type=p&cat=50514008&spm=1.1.a2227oh.d100&xl=youg_1&from=chaoshi..pc_1_suggest\" target=\"_blank\" style=\"margin: 0px; padding: 0px; text-decoration: none; color: rgb(51, 85, 170); outline: 0px;\"><img src=\"https://img.alicdn.com/imgextra/i2/725677994/TB2FR8lcVXXXXXqXXXXXXXXXXXX_%21%21725677994.jpg\" alt=\"\" class=\"img-ks-lazyload\" style=\"margin: 0px; padding: 0px; border: 0px; vertical-align: top; animation: ks-fadeIn 350ms linear 0ms 1 normal both; opacity: 1;\"/></a><a target=\"_blank\" style=\"margin: 0px; padding: 0px; color: rgb(51, 85, 170); outline: 0px;\"><img src=\"https://img.alicdn.com/imgextra/i4/725677994/TB2T8o6cFXXXXXzXpXXXXXXXXXX_%21%21725677994.jpg\" alt=\"\" class=\"img-ks-lazyload\" style=\"margin: 0px; padding: 0px; border: 0px; vertical-align: top; animation: ks-fadeIn 350ms linear 0ms 1 normal both; opacity: 1;\"/></a><a href=\"http://list.tmall.com//search_product.htm?q=%E7%8E%8B%E5%AD%90&user_id=725677994&type=p&cat=50514008&spm=1.1.a2227oh.d100&from=chaoshi..pc_1_searchbutton\" target=\"_blank\" style=\"margin: 0px; padding: 0px; text-decoration: none; color: rgb(51, 85, 170); outline: 0px;\"><img src=\"https://img.alicdn.com/imgextra/i3/725677994/TB2_cFfcVXXXXaHXXXXXXXXXXXX_%21%21725677994.jpg\" alt=\"\" class=\"img-ks-lazyload\" style=\"margin: 0px; padding: 0px; border: 0px; vertical-align: top; animation: ks-fadeIn 350ms linear 0ms 1 normal both; opacity: 1;\"/></a><a href=\"http://list.tmall.com//search_product.htm?q=%E7%94%9C%E8%B6%A3&user_id=725677994&type=p&cat=50514008&spm=1.1.a2227oh.d100&xl=tianqu_1&from=chaoshi..pc_1_suggest\" target=\"_blank\" style=\"margin: 0px; padding: 0px; text-decoration: none; color: rgb(51, 85, 170); outline: 0px;\"><img src=\"https://img.alicdn.com/imgextra/i2/725677994/TB2Y7RgcVXXXXapXXXXXXXXXXXX_%21%21725677994.jpg\" alt=\"\" class=\"img-ks-lazyload\" style=\"margin: 0px; padding: 0px; border: 0px; vertical-align: top; animation: ks-fadeIn 350ms linear 0ms 1 normal both; opacity: 1;\"/></a><a href=\"http://list.tmall.com//search_product.htm?q=%E7%82%AB%E8%BF%88&user_id=725677994&type=p&cat=50514008&spm=1.1.a2227oh.d100&from=chaoshi..pc_1_searchbutton\" target=\"_blank\" style=\"margin: 0px; padding: 0px; text-decoration: none; color: rgb(51, 85, 170); outline: 0px;\"><img src=\"https://img.alicdn.com/imgextra/i1/725677994/TB2TMtjcVXXXXX5XXXXXXXXXXXX_%21%21725677994.jpg\" alt=\"\" class=\"img-ks-lazyload\" style=\"margin: 0px; padding: 0px; border: 0px; vertical-align: top; animation: ks-fadeIn 350ms linear 0ms 1 normal both; opacity: 1;\"/></a><a href=\"http://list.tmall.com//search_product.htm?q=%E6%9E%9C%E7%9C%9F&user_id=725677994&type=p&cat=50514008&spm=1.1.a2227oh.d100&from=chaoshi..pc_1_searchbutton\" target=\"_blank\" style=\"margin: 0px; padding: 0px; text-decoration: none; color: rgb(51, 85, 170); outline: 0px;\"><img src=\"https://img.alicdn.com/imgextra/i1/725677994/TB29ts9cFXXXXaOXXXXXXXXXXXX_%21%21725677994.jpg\" alt=\"\" class=\"img-ks-lazyload\" style=\"margin: 0px; padding: 0px; border: 0px; vertical-align: top; animation: ks-fadeIn 350ms linear 0ms 1 normal both; opacity: 1;\"/></a><a href=\"http://list.tmall.com//search_product.htm?q=%E6%80%A1%E5%8F%A3%E8%8E%B2&user_id=725677994&type=p&cat=50514008&spm=1.1.a2227oh.d100&from=chaoshi..pc_1_searchbutton\" target=\"_blank\" style=\"margin: 0px; padding: 0px; text-decoration: none; color: rgb(51, 85, 170); outline: 0px;\"><img src=\"https://img.alicdn.com/imgextra/i2/725677994/TB2SQFdcVXXXXXZXXXXXXXXXXXX_%21%21725677994.jpg\" alt=\"\" class=\"img-ks-lazyload\" style=\"margin: 0px; padding: 0px; border: 0px; vertical-align: top; animation: ks-fadeIn 350ms linear 0ms 1 normal both; opacity: 1;\"/></a><a href=\"http://list.tmall.com//search_product.htm?q=%E8%8D%B7%E6%B0%8F&user_id=725677994&type=p&cat=50514008&spm=1.1.a2227oh.d100&xl=heshi_1&from=chaoshi..pc_1_suggest\" target=\"_blank\" style=\"margin: 0px; padding: 0px; text-decoration: none; color: rgb(51, 85, 170); outline: 0px;\"><img src=\"https://img.alicdn.com/imgextra/i4/725677994/TB2YXAVcFXXXXckXpXXXXXXXXXX_%21%21725677994.jpg\" alt=\"\" class=\"img-ks-lazyload\" style=\"margin: 0px; padding: 0px; border: 0px; vertical-align: top; animation: ks-fadeIn 350ms linear 0ms 1 normal both; opacity: 1;\"/></a><a href=\"http://list.tmall.com//search_product.htm?q=%E4%BA%BF%E6%BB%8B&user_id=725677994&type=p&cat=50514008&spm=1.1.a2227oh.d100&from=chaoshi..pc_1_searchbutton\" target=\"_blank\" style=\"margin: 0px; padding: 0px; text-decoration: none; color: rgb(51, 85, 170); outline: 0px;\"><img src=\"https://img.alicdn.com/imgextra/i4/725677994/TB2XGNccVXXXXbsXXXXXXXXXXXX_%21%21725677994.jpg\" alt=\"\" class=\"img-ks-lazyload\" style=\"margin: 0px; padding: 0px; border: 0px; vertical-align: top; animation: ks-fadeIn 350ms linear 0ms 1 normal both; opacity: 1;\"/></a></td></tr><tr style=\"margin: 0px; padding: 0px;\"><td style=\"margin: 0px; padding: 0px; border-color: rgb(0, 0, 0);\"><br/></td></tr><tr style=\"margin: 0px; padding: 0px;\"><td style=\"margin: 0px; padding: 0px; border-color: rgb(0, 0, 0);\"><img src=\"https://img.alicdn.com/imgextra/i1/725677994/T2ZiVyXd4NXXXXXXXX_!!725677994.jpg\" class=\"img-ks-lazyload\" style=\"margin: 0px; padding: 0px; border: 0px; vertical-align: top; animation: ks-fadeIn 350ms linear 0ms 1 normal both; opacity: 1;\"/></td></tr><tr style=\"margin: 0px; padding: 0px;\"><td style=\"margin: 0px; padding: 0px; border-color: rgb(0, 0, 0);\"><p style=\"margin-top: 1.12em; margin-bottom: 1.12em; line-height: 1.4;\">规格：255g/包</p><p style=\"margin-top: 1.12em; margin-bottom: 1.12em; line-height: 1.4;\">产地：浙江</p><p style=\"margin-top: 1.12em; margin-bottom: 1.12em; line-height: 1.4;\">存放于阴凉干燥处，避免阳光直射</p></td></tr><tr style=\"margin: 0px; padding: 0px;\"><td style=\"margin: 0px; padding: 0px; border-color: rgb(0, 0, 0);\"><img src=\"https://img.alicdn.com/imgextra/i3/725677994/T2ie47Xi8XXXXXXXXX_!!725677994.jpg\" class=\"img-ks-lazyload\" style=\"margin: 0px; padding: 0px; border: 0px; vertical-align: top; animation: ks-fadeIn 350ms linear 0ms 1 normal both; opacity: 1;\"/></td></tr><tr style=\"margin: 0px; padding: 0px;\"><td style=\"margin: 0px; padding: 0px; border-color: rgb(0, 0, 0);\"><img src=\"https://img.alicdn.com/imgextra/i2/725677994/TB2Ha0PgVXXXXc3XXXXXXXXXXXX_!!725677994.jpg\" alt=\"\" class=\"img-ks-lazyload\" style=\"margin: 10px; padding: 0px; border: 0px; vertical-align: top; animation: ks-fadeIn 350ms linear 0ms 1 normal both; opacity: 1;\"/><img src=\"https://img.alicdn.com/imgextra/i1/725677994/TB2MXNFgVXXXXaJXpXXXXXXXXXX_!!725677994.jpg\" alt=\"\" class=\"img-ks-lazyload\" style=\"margin: 10px; padding: 0px; border: 0px; vertical-align: top; animation: ks-fadeIn 350ms linear 0ms 1 normal both; opacity: 1;\"/><img src=\"https://img.alicdn.com/imgextra/i3/725677994/TB20BttgVXXXXczXpXXXXXXXXXX_!!725677994.jpg\" alt=\"\" class=\"img-ks-lazyload\" style=\"margin: 10px; padding: 0px; border: 0px; vertical-align: top; animation: ks-fadeIn 350ms linear 0ms 1 normal both; opacity: 1;\"/><img src=\"https://img.alicdn.com/imgextra/i1/725677994/TB26ZJUgVXXXXbxXXXXXXXXXXXX_!!725677994.jpg\" alt=\"\" class=\"img-ks-lazyload\" style=\"margin: 10px; padding: 0px; border: 0px; vertical-align: top; animation: ks-fadeIn 350ms linear 0ms 1 normal both; opacity: 1;\"/><img src=\"https://img.alicdn.com/imgextra/i1/725677994/TB2zsXAgVXXXXa8XpXXXXXXXXXX_!!725677994.jpg\" alt=\"\" class=\"img-ks-lazyload\" style=\"margin: 10px; padding: 0px; border: 0px; vertical-align: top; animation: ks-fadeIn 350ms linear 0ms 1 normal both; opacity: 1;\"/><img src=\"https://img.alicdn.com/imgextra/i3/725677994/TB2F5dAgVXXXXaPXpXXXXXXXXXX_!!725677994.jpg\" alt=\"\" class=\"img-ks-lazyload\" style=\"margin: 10px; padding: 0px; border: 0px; vertical-align: top; animation: ks-fadeIn 350ms linear 0ms 1 normal both; opacity: 1;\"/><img src=\"https://img.alicdn.com/imgextra/i3/725677994/TB2mYJxgVXXXXbiXpXXXXXXXXXX_!!725677994.jpg\" alt=\"\" class=\"img-ks-lazyload\" style=\"margin: 10px; padding: 0px; border: 0px; vertical-align: top; animation: ks-fadeIn 350ms linear 0ms 1 normal both; opacity: 1;\"/><img src=\"https://img.alicdn.com/imgextra/i2/725677994/TB2N90MgVXXXXXiXpXXXXXXXXXX_!!725677994.jpg\" alt=\"\" class=\"img-ks-lazyload\" style=\"margin: 10px; padding: 0px; border: 0px; vertical-align: top; animation: ks-fadeIn 350ms linear 0ms 1 normal both; opacity: 1;\"/><img src=\"https://img.alicdn.com/imgextra/i2/725677994/TB2aENVgVXXXXaMXXXXXXXXXXXX_!!725677994.jpg\" alt=\"\" class=\"img-ks-lazyload\" style=\"margin: 10px; padding: 0px; border: 0px; vertical-align: top; animation: ks-fadeIn 350ms linear 0ms 1 normal both; opacity: 1;\"/></td></tr></tbody></table><p><br/></p>'),(24,29,200000302,'','<table cellpadding=\"0\" cellspacing=\"0\" width=\"738\"><tbody style=\"margin: 0px; padding: 0px;\"><tr style=\"margin: 0px; padding: 0px;\" class=\"firstRow\"><td style=\"margin: 0px; padding: 0px; border-color: rgb(0, 0, 0);\"><p style=\"margin-top: 1.12em; margin-bottom: 1.12em; line-height: 1.4;\">&nbsp; &nbsp; &nbsp; &nbsp; &nbsp; &nbsp; &nbsp; &nbsp; &nbsp; &nbsp; &nbsp; &nbsp; &nbsp; &nbsp; &nbsp; &nbsp; &nbsp; &nbsp; &nbsp; &nbsp;&nbsp;<img alt=\"\" src=\"https://assets.alicdn.com/sys/wangwang/smiley/48x48/17.gif\" class=\"img-ks-lazyload\" style=\"margin: 0px; padding: 0px; border: 0px; vertical-align: top; animation: ks-fadeIn 350ms linear 0ms 1 normal both; opacity: 1; float: none;\"/>&nbsp;<span style=\"margin: 0px; padding: 0px; font-size: 18px;\">新 老 包 装 随 机 &nbsp;发 货</span></p><a href=\"http://chaoshi.detail.tmall.com/item.htm?spm=1.1.0.0.gRaMdO&id=14301877350&cat_id=50514008\" target=\"_blank\" style=\"margin: 0px; padding: 0px; text-decoration: none; color: rgb(51, 85, 170); outline: 0px;\"></a><a href=\"http://chaoshi.detail.tmall.com/item.htm?spm=1.1.0.0.0foKcY&id=20653347679&cat_id=50514008&skuId=32294890037\" target=\"_blank\" style=\"margin: 0px; padding: 0px; text-decoration: none; color: rgb(51, 85, 170); outline: 0px;\"><img src=\"https://img.alicdn.com/imgextra/i2/725677994/TB2cAv7dVXXXXbVXpXXXXXXXXXX_%21%21725677994.jpg\" alt=\"\" class=\"img-ks-lazyload\" style=\"margin: 0px; padding: 0px; border: 0px; vertical-align: top; animation: ks-fadeIn 350ms linear 0ms 1 normal both; opacity: 1;\"/></a><a href=\"http://chaoshi.detail.tmall.com/item.htm?spm=1.1.0.0.aEjrAb&id=35054090485&cat_id=50514008\" target=\"_blank\" style=\"margin: 0px; padding: 0px; text-decoration: none; color: rgb(51, 85, 170); outline: 0px;\"><img src=\"https://img.alicdn.com/imgextra/i3/725677994/TB2AQsmdVXXXXbGXXXXXXXXXXXX_%21%21725677994.jpg\" alt=\"\" class=\"img-ks-lazyload\" style=\"margin: 0px; padding: 0px; border: 0px; vertical-align: top; animation: ks-fadeIn 350ms linear 0ms 1 normal both; opacity: 1;\"/></a><a href=\"http://chaoshi.detail.tmall.com/item.htm?spm=1.1.0.0.aEjrAb&id=14301877350&cat_id=50514008&skuId=32320573020\" target=\"_blank\" style=\"margin: 0px; padding: 0px; text-decoration: none; color: rgb(51, 85, 170); outline: 0px;\"><img src=\"https://img.alicdn.com/imgextra/i4/725677994/TB2.VMidVXXXXcOXXXXXXXXXXXX_%21%21725677994.jpg\" alt=\"\" class=\"img-ks-lazyload\" style=\"margin: 0px; padding: 0px; border: 0px; vertical-align: top; animation: ks-fadeIn 350ms linear 0ms 1 normal both; opacity: 1;\"/></a><a href=\"https://chaoshi.detail.tmall.com/item.htm?spm=1.1.0.0.htu35s&id=44631066929&rewcatid=50514008\" target=\"_blank\" style=\"margin: 0px; padding: 0px; text-decoration: none; color: rgb(51, 85, 170); outline: 0px;\"><img src=\"https://img.alicdn.com/imgextra/i3/725677994/TB2HAVqgVXXXXXVXXXXXXXXXXXX_!!725677994.jpg\" alt=\"\" class=\"img-ks-lazyload\" style=\"margin: 0px; padding: 0px; border: 0px; vertical-align: top; animation: ks-fadeIn 350ms linear 0ms 1 normal both; opacity: 1;\"/></a><a href=\"http://chaoshi.detail.tmall.com/item.htm?spm=1.1.0.0.qIb2tP&id=17067566763&cat_id=50514008\" target=\"_blank\" style=\"margin: 0px; padding: 0px; text-decoration: none; color: rgb(51, 85, 170); outline: 0px;\"><img src=\"https://img.alicdn.com/imgextra/i3/725677994/TB22NT9dVXXXXbQXpXXXXXXXXXX_%21%21725677994.jpg\" alt=\"\" class=\"img-ks-lazyload\" style=\"margin: 0px; padding: 0px; border: 0px; vertical-align: top; animation: ks-fadeIn 350ms linear 0ms 1 normal both; opacity: 1;\"/></a><a href=\"http://chaoshi.detail.tmall.com/item.htm?spm=1.1.0.0.qIb2tP&id=40141945633&cat_id=50514008\" target=\"_blank\" style=\"margin: 0px; padding: 0px; text-decoration: none; color: rgb(51, 85, 170); outline: 0px;\"><img src=\"https://img.alicdn.com/imgextra/i2/725677994/TB2z.AmdVXXXXbuXXXXXXXXXXXX_%21%21725677994.jpg\" alt=\"\" class=\"img-ks-lazyload\" style=\"margin: 0px; padding: 0px; border: 0px; vertical-align: top; animation: ks-fadeIn 350ms linear 0ms 1 normal both; opacity: 1;\"/></a><a href=\"http://chaoshi.detail.tmall.com/item.htm?spm=1.1.0.0.aEjrAb&id=37594954283&cat_id=50514008&skuId=48091894180\" target=\"_blank\" style=\"margin: 0px; padding: 0px; text-decoration: none; color: rgb(51, 85, 170); outline: 0px;\"><img src=\"https://img.alicdn.com/imgextra/i4/725677994/TB2juwodVXXXXaYXXXXXXXXXXXX_%21%21725677994.jpg\" alt=\"\" class=\"img-ks-lazyload\" style=\"margin: 0px; padding: 0px; border: 0px; vertical-align: top; animation: ks-fadeIn 350ms linear 0ms 1 normal both; opacity: 1;\"/></a><a href=\"http://chaoshi.detail.tmall.com/item.htm?spm=1.1.0.0.aEjrAb&id=17207440201&cat_id=50514008\" target=\"_blank\" style=\"margin: 0px; padding: 0px; text-decoration: none; color: rgb(51, 85, 170); outline: 0px;\"><img src=\"https://img.alicdn.com/imgextra/i3/725677994/TB2Y6UddVXXXXXdXpXXXXXXXXXX_%21%21725677994.jpg\" alt=\"\" border=\"0\" class=\"img-ks-lazyload\" style=\"margin: 0px; padding: 0px; border: 0px; vertical-align: top; animation: ks-fadeIn 350ms linear 0ms 1 normal both; opacity: 1;\"/></a><img src=\"https://img.alicdn.com/imgextra/i4/725677994/TB2UBxacVXXXXbHXXXXXXXXXXXX_%21%21725677994.jpg\" alt=\"\" class=\"img-ks-lazyload\" style=\"margin: 0px; padding: 0px; border: 0px; vertical-align: top; animation: ks-fadeIn 350ms linear 0ms 1 normal both; opacity: 1;\"/><map name=\"Map\" style=\"margin: 0px; padding: 0px;\"></map><a href=\"http://list.tmall.com/search_product.htm?q=%E5%A5%A5%E5%88%A9%E5%A5%A5&user_id=725677994&type=p&cat=50514008&spm=1.1.a2227oh.d100&xl=aoliao+_1&from=chaoshi..pc_1_suggest\" target=\"_blank\" style=\"margin: 0px; padding: 0px; text-decoration: none; color: rgb(51, 85, 170); outline: 0px;\"><img src=\"https://img.alicdn.com/imgextra/i2/725677994/TB2jD38cFXXXXbaXXXXXXXXXXXX_%21%21725677994.jpg\" alt=\"\" class=\"img-ks-lazyload\" style=\"margin: 0px; padding: 0px; border: 0px; vertical-align: top; animation: ks-fadeIn 350ms linear 0ms 1 normal both; opacity: 1;\"/></a><a href=\"http://list.tmall.com//search_product.htm?q=%E9%97%B2%E8%B6%A3&user_id=725677994&type=p&cat=50514008&spm=1.1.a2227oh.d100&xl=xianqu_1&from=chaoshi..pc_1_suggest\" target=\"_blank\" style=\"margin: 0px; padding: 0px; text-decoration: none; color: rgb(51, 85, 170); outline: 0px;\"><img src=\"https://img.alicdn.com/imgextra/i1/725677994/TB2lcI.cFXXXXcnXXXXXXXXXXXX_%21%21725677994.jpg\" alt=\"\" class=\"img-ks-lazyload\" style=\"margin: 0px; padding: 0px; border: 0px; vertical-align: top; animation: ks-fadeIn 350ms linear 0ms 1 normal both; opacity: 1;\"/></a><a href=\"http://list.tmall.com//search_product.htm?q=%E8%B6%A3%E5%A4%9A%E5%A4%9A&user_id=725677994&type=p&cat=50514008&spm=1.1.a2227oh.d100&xl=quduoduo_1&from=chaoshi..pc_1_suggest\" target=\"_blank\" style=\"margin: 0px; padding: 0px; text-decoration: none; color: rgb(51, 85, 170); outline: 0px;\"><img src=\"https://img.alicdn.com/imgextra/i1/725677994/TB2NtBlcVXXXXXxXXXXXXXXXXXX_%21%21725677994.jpg\" alt=\"\" class=\"img-ks-lazyload\" style=\"margin: 0px; padding: 0px; border: 0px; vertical-align: top; animation: ks-fadeIn 350ms linear 0ms 1 normal both; opacity: 1;\"/></a><a href=\"http://list.tmall.com//search_product.htm?q=%E4%BC%98%E5%86%A0&user_id=725677994&type=p&cat=50514008&spm=1.1.a2227oh.d100&xl=youg_1&from=chaoshi..pc_1_suggest\" target=\"_blank\" style=\"margin: 0px; padding: 0px; text-decoration: none; color: rgb(51, 85, 170); outline: 0px;\"><img src=\"https://img.alicdn.com/imgextra/i2/725677994/TB2FR8lcVXXXXXqXXXXXXXXXXXX_%21%21725677994.jpg\" alt=\"\" class=\"img-ks-lazyload\" style=\"margin: 0px; padding: 0px; border: 0px; vertical-align: top; animation: ks-fadeIn 350ms linear 0ms 1 normal both; opacity: 1;\"/></a><a target=\"_blank\" style=\"margin: 0px; padding: 0px; color: rgb(51, 85, 170); outline: 0px;\"><img src=\"https://img.alicdn.com/imgextra/i4/725677994/TB2T8o6cFXXXXXzXpXXXXXXXXXX_%21%21725677994.jpg\" alt=\"\" class=\"img-ks-lazyload\" style=\"margin: 0px; padding: 0px; border: 0px; vertical-align: top; animation: ks-fadeIn 350ms linear 0ms 1 normal both; opacity: 1;\"/></a><a href=\"http://list.tmall.com//search_product.htm?q=%E7%8E%8B%E5%AD%90&user_id=725677994&type=p&cat=50514008&spm=1.1.a2227oh.d100&from=chaoshi..pc_1_searchbutton\" target=\"_blank\" style=\"margin: 0px; padding: 0px; text-decoration: none; color: rgb(51, 85, 170); outline: 0px;\"><img src=\"https://img.alicdn.com/imgextra/i3/725677994/TB2_cFfcVXXXXaHXXXXXXXXXXXX_%21%21725677994.jpg\" alt=\"\" class=\"img-ks-lazyload\" style=\"margin: 0px; padding: 0px; border: 0px; vertical-align: top; animation: ks-fadeIn 350ms linear 0ms 1 normal both; opacity: 1;\"/></a><a href=\"http://list.tmall.com//search_product.htm?q=%E7%94%9C%E8%B6%A3&user_id=725677994&type=p&cat=50514008&spm=1.1.a2227oh.d100&xl=tianqu_1&from=chaoshi..pc_1_suggest\" target=\"_blank\" style=\"margin: 0px; padding: 0px; text-decoration: none; color: rgb(51, 85, 170); outline: 0px;\"><img src=\"https://img.alicdn.com/imgextra/i2/725677994/TB2Y7RgcVXXXXapXXXXXXXXXXXX_%21%21725677994.jpg\" alt=\"\" class=\"img-ks-lazyload\" style=\"margin: 0px; padding: 0px; border: 0px; vertical-align: top; animation: ks-fadeIn 350ms linear 0ms 1 normal both; opacity: 1;\"/></a><a href=\"http://list.tmall.com//search_product.htm?q=%E7%82%AB%E8%BF%88&user_id=725677994&type=p&cat=50514008&spm=1.1.a2227oh.d100&from=chaoshi..pc_1_searchbutton\" target=\"_blank\" style=\"margin: 0px; padding: 0px; text-decoration: none; color: rgb(51, 85, 170); outline: 0px;\"><img src=\"https://img.alicdn.com/imgextra/i1/725677994/TB2TMtjcVXXXXX5XXXXXXXXXXXX_%21%21725677994.jpg\" alt=\"\" class=\"img-ks-lazyload\" style=\"margin: 0px; padding: 0px; border: 0px; vertical-align: top; animation: ks-fadeIn 350ms linear 0ms 1 normal both; opacity: 1;\"/></a><a href=\"http://list.tmall.com//search_product.htm?q=%E6%9E%9C%E7%9C%9F&user_id=725677994&type=p&cat=50514008&spm=1.1.a2227oh.d100&from=chaoshi..pc_1_searchbutton\" target=\"_blank\" style=\"margin: 0px; padding: 0px; text-decoration: none; color: rgb(51, 85, 170); outline: 0px;\"><img src=\"https://img.alicdn.com/imgextra/i1/725677994/TB29ts9cFXXXXaOXXXXXXXXXXXX_%21%21725677994.jpg\" alt=\"\" class=\"img-ks-lazyload\" style=\"margin: 0px; padding: 0px; border: 0px; vertical-align: top; animation: ks-fadeIn 350ms linear 0ms 1 normal both; opacity: 1;\"/></a><a href=\"http://list.tmall.com//search_product.htm?q=%E6%80%A1%E5%8F%A3%E8%8E%B2&user_id=725677994&type=p&cat=50514008&spm=1.1.a2227oh.d100&from=chaoshi..pc_1_searchbutton\" target=\"_blank\" style=\"margin: 0px; padding: 0px; text-decoration: none; color: rgb(51, 85, 170); outline: 0px;\"><img src=\"https://img.alicdn.com/imgextra/i2/725677994/TB2SQFdcVXXXXXZXXXXXXXXXXXX_%21%21725677994.jpg\" alt=\"\" class=\"img-ks-lazyload\" style=\"margin: 0px; padding: 0px; border: 0px; vertical-align: top; animation: ks-fadeIn 350ms linear 0ms 1 normal both; opacity: 1;\"/></a><a href=\"http://list.tmall.com//search_product.htm?q=%E8%8D%B7%E6%B0%8F&user_id=725677994&type=p&cat=50514008&spm=1.1.a2227oh.d100&xl=heshi_1&from=chaoshi..pc_1_suggest\" target=\"_blank\" style=\"margin: 0px; padding: 0px; text-decoration: none; color: rgb(51, 85, 170); outline: 0px;\"><img src=\"https://img.alicdn.com/imgextra/i4/725677994/TB2YXAVcFXXXXckXpXXXXXXXXXX_%21%21725677994.jpg\" alt=\"\" class=\"img-ks-lazyload\" style=\"margin: 0px; padding: 0px; border: 0px; vertical-align: top; animation: ks-fadeIn 350ms linear 0ms 1 normal both; opacity: 1;\"/></a><a href=\"http://list.tmall.com//search_product.htm?q=%E4%BA%BF%E6%BB%8B&user_id=725677994&type=p&cat=50514008&spm=1.1.a2227oh.d100&from=chaoshi..pc_1_searchbutton\" target=\"_blank\" style=\"margin: 0px; padding: 0px; text-decoration: none; color: rgb(51, 85, 170); outline: 0px;\"><img src=\"https://img.alicdn.com/imgextra/i4/725677994/TB2XGNccVXXXXbsXXXXXXXXXXXX_%21%21725677994.jpg\" alt=\"\" class=\"img-ks-lazyload\" style=\"margin: 0px; padding: 0px; border: 0px; vertical-align: top; animation: ks-fadeIn 350ms linear 0ms 1 normal both; opacity: 1;\"/></a></td></tr><tr style=\"margin: 0px; padding: 0px;\"><td style=\"margin: 0px; padding: 0px; border-color: rgb(0, 0, 0);\"><br/></td></tr><tr style=\"margin: 0px; padding: 0px;\"><td style=\"margin: 0px; padding: 0px; border-color: rgb(0, 0, 0);\"><img src=\"https://img.alicdn.com/imgextra/i1/725677994/T2ZiVyXd4NXXXXXXXX_!!725677994.jpg\" class=\"img-ks-lazyload\" style=\"margin: 0px; padding: 0px; border: 0px; vertical-align: top; animation: ks-fadeIn 350ms linear 0ms 1 normal both; opacity: 1;\"/></td></tr><tr style=\"margin: 0px; padding: 0px;\"><td style=\"margin: 0px; padding: 0px; border-color: rgb(0, 0, 0);\"><p style=\"margin-top: 1.12em; margin-bottom: 1.12em; line-height: 1.4;\">规格：255g/包</p><p style=\"margin-top: 1.12em; margin-bottom: 1.12em; line-height: 1.4;\">产地：浙江</p><p style=\"margin-top: 1.12em; margin-bottom: 1.12em; line-height: 1.4;\">存放于阴凉干燥处，避免阳光直射</p></td></tr><tr style=\"margin: 0px; padding: 0px;\"><td style=\"margin: 0px; padding: 0px; border-color: rgb(0, 0, 0);\"><img src=\"https://img.alicdn.com/imgextra/i3/725677994/T2ie47Xi8XXXXXXXXX_!!725677994.jpg\" class=\"img-ks-lazyload\" style=\"margin: 0px; padding: 0px; border: 0px; vertical-align: top; animation: ks-fadeIn 350ms linear 0ms 1 normal both; opacity: 1;\"/></td></tr><tr style=\"margin: 0px; padding: 0px;\"><td style=\"margin: 0px; padding: 0px; border-color: rgb(0, 0, 0);\"><img src=\"https://img.alicdn.com/imgextra/i2/725677994/TB2Ha0PgVXXXXc3XXXXXXXXXXXX_!!725677994.jpg\" alt=\"\" class=\"img-ks-lazyload\" style=\"margin: 10px; padding: 0px; border: 0px; vertical-align: top; animation: ks-fadeIn 350ms linear 0ms 1 normal both; opacity: 1;\"/><img src=\"https://img.alicdn.com/imgextra/i1/725677994/TB2MXNFgVXXXXaJXpXXXXXXXXXX_!!725677994.jpg\" alt=\"\" class=\"img-ks-lazyload\" style=\"margin: 10px; padding: 0px; border: 0px; vertical-align: top; animation: ks-fadeIn 350ms linear 0ms 1 normal both; opacity: 1;\"/><img src=\"https://img.alicdn.com/imgextra/i3/725677994/TB20BttgVXXXXczXpXXXXXXXXXX_!!725677994.jpg\" alt=\"\" class=\"img-ks-lazyload\" style=\"margin: 10px; padding: 0px; border: 0px; vertical-align: top; animation: ks-fadeIn 350ms linear 0ms 1 normal both; opacity: 1;\"/><img src=\"https://img.alicdn.com/imgextra/i1/725677994/TB26ZJUgVXXXXbxXXXXXXXXXXXX_!!725677994.jpg\" alt=\"\" class=\"img-ks-lazyload\" style=\"margin: 10px; padding: 0px; border: 0px; vertical-align: top; animation: ks-fadeIn 350ms linear 0ms 1 normal both; opacity: 1;\"/><img src=\"https://img.alicdn.com/imgextra/i1/725677994/TB2zsXAgVXXXXa8XpXXXXXXXXXX_!!725677994.jpg\" alt=\"\" class=\"img-ks-lazyload\" style=\"margin: 10px; padding: 0px; border: 0px; vertical-align: top; animation: ks-fadeIn 350ms linear 0ms 1 normal both; opacity: 1;\"/><img src=\"https://img.alicdn.com/imgextra/i3/725677994/TB2F5dAgVXXXXaPXpXXXXXXXXXX_!!725677994.jpg\" alt=\"\" class=\"img-ks-lazyload\" style=\"margin: 10px; padding: 0px; border: 0px; vertical-align: top; animation: ks-fadeIn 350ms linear 0ms 1 normal both; opacity: 1;\"/><img src=\"https://img.alicdn.com/imgextra/i3/725677994/TB2mYJxgVXXXXbiXpXXXXXXXXXX_!!725677994.jpg\" alt=\"\" class=\"img-ks-lazyload\" style=\"margin: 10px; padding: 0px; border: 0px; vertical-align: top; animation: ks-fadeIn 350ms linear 0ms 1 normal both; opacity: 1;\"/><img src=\"https://img.alicdn.com/imgextra/i2/725677994/TB2N90MgVXXXXXiXpXXXXXXXXXX_!!725677994.jpg\" alt=\"\" class=\"img-ks-lazyload\" style=\"margin: 10px; padding: 0px; border: 0px; vertical-align: top; animation: ks-fadeIn 350ms linear 0ms 1 normal both; opacity: 1;\"/><img src=\"https://img.alicdn.com/imgextra/i2/725677994/TB2aENVgVXXXXaMXXXXXXXXXXXX_!!725677994.jpg\" alt=\"\" class=\"img-ks-lazyload\" style=\"margin: 10px; padding: 0px; border: 0px; vertical-align: top; animation: ks-fadeIn 350ms linear 0ms 1 normal both; opacity: 1;\"/></td></tr></tbody></table><p><br/></p>'),(25,30,200000401,'','<table width=\"0\" style=\"width: 753px;\"><tbody style=\"margin: 0px; padding: 0px;\"><tr style=\"margin: 0px; padding: 0px;\" class=\"firstRow\"><td width=\"692\" style=\"margin: 0px; padding: 0px; border-color: rgb(0, 0, 0); word-break: break-all;\"><p style=\"margin-top: 1.12em; margin-bottom: 1.12em; line-height: 1.4;\"><a href=\"https://pages.tmall.com/wow/chaoshi/act/shuang11tqh-dyb?spm=0.0.0.0&t=shuang11hub\" target=\"_blank\" style=\"margin: 0px; padding: 0px; text-decoration: none; color: rgb(51, 85, 170); outline: 0px;\"><img align=\"absmiddle\" src=\"/Public/Uploads/image/20161027/1477569408416895.jpg\" class=\"img-ks-lazyload\" style=\"margin: 0px; padding: 0px; border: 0px; vertical-align: top; animation: ks-fadeIn 350ms linear 0ms 1 normal both; opacity: 1; float: none;\"/></a></p><p style=\"margin-top: 1.12em; margin-bottom: 1.12em; line-height: 1.4;\"><img border=\"0\" height=\"259\" src=\"/Public/Uploads/image/20161027/1477569408478076.jpg\" usemap=\"#Map\" width=\"790\" class=\"img-ks-lazyload\" style=\"margin: 0px; padding: 0px; border: 0px; vertical-align: top; animation: ks-fadeIn 350ms linear 0ms 1 normal both; opacity: 1; float: none;\"/></p></td></tr><tr style=\"margin: 0px; padding: 0px;\"><td style=\"margin: 0px; padding: 0px; border-color: rgb(0, 0, 0);\"><img border=\"0\" height=\"603\" src=\"/Public/Uploads/image/20161027/1477569409592514.jpg\" usemap=\"#Map2\" width=\"790\" class=\"img-ks-lazyload\" style=\"margin: 0px; padding: 0px; border: 0px; vertical-align: top; animation: ks-fadeIn 350ms linear 0ms 1 normal both; opacity: 1;\"/></td></tr></tbody></table><p><map name=\"Map\" style=\"margin: 0px; padding: 0px; color: rgb(64, 64, 64); font-family: tahoma, arial, 宋体, sans-serif; font-size: 14px; white-space: normal; background-color: rgb(255, 255, 255);\"><area coords=\"4,2,786,255\" href=\"https://list.tmall.com/search_product.htm?spm=a3204.7933263.0.0.ouFVsC&cat=50514008&brand=7724367&q=%C1%BC%C6%B7%C6%CC%D7%D3&sort=td&style=g&user_id=725677994&from=chaoshi..pc_1_searchbutton&active=1&industryCatId=50514008&smAreaId=310100#J_Filter\" style=\"margin: 0px; padding: 0px;\"/></map><map name=\"Map2\" style=\"margin: 0px; padding: 0px; color: rgb(64, 64, 64); font-family: tahoma, arial, 宋体, sans-serif; font-size: 14px; white-space: normal; background-color: rgb(255, 255, 255);\"><area coords=\"13,7,390,312\" href=\"https://chaoshi.detail.tmall.com/item.htm?spm=1.1.0.0.CbORw4&id=41026424384&rewcatid=50514008\" style=\"margin: 0px; padding: 0px;\"/><area coords=\"398,10,774,314\" href=\"https://chaoshi.detail.tmall.com/item.htm?spm=0.0.0.0.zzXMJe_0.0.0.0.cUwihr&id=532594179884\" style=\"margin: 0px; padding: 0px;\"/><area coords=\"15,322,272,572\" href=\"https://chaoshi.detail.tmall.com/item.htm?spm=1.1.0.0.CbORw4&id=44183216992&rewcatid=50514008\" style=\"margin: 0px; padding: 0px;\"/><area coords=\"277,325,516,568\" href=\"https://chaoshi.detail.tmall.com/item.htm?spm=0.0.0.0.wSe2VI_0.0.0.0.ttiab5&id=529349194140\" style=\"margin: 0px; padding: 0px;\"/><area coords=\"520,322,778,573\" href=\"https://chaoshi.detail.tmall.com/item.htm?spm=1.1.0.0.CbORw4&id=41012437136&rewcatid=50514008\" style=\"margin: 0px; padding: 0px;\"/></map><span style=\"color: rgb(64, 64, 64); font-family: tahoma, arial, 宋体, sans-serif; font-size: 14px; background-color: rgb(255, 255, 255);\"></span><img height=\"38\" src=\"/Public/Uploads/image/20161027/1477569409170226.jpg\" width=\"740\" class=\"img-ks-lazyload\" style=\"margin: 0px; padding: 0px; border: 0px; animation: ks-fadeIn 350ms linear 0ms 1 normal both; opacity: 1; vertical-align: top; color: rgb(64, 64, 64); font-family: tahoma, arial, 宋体, sans-serif; font-size: 14px; white-space: normal; background-color: rgb(255, 255, 255); line-height: 1.5;\"/><span style=\"color: rgb(64, 64, 64); font-family: tahoma, arial, 宋体, sans-serif; font-size: 14px; background-color: rgb(255, 255, 255);\"></span><img alt=\"\" src=\"/Public/Uploads/image/20161027/1477569410936323.jpg\" class=\"img-ks-lazyload\" style=\"margin: 0px; padding: 0px; border: 0px; animation: ks-fadeIn 350ms linear 0ms 1 normal both; opacity: 1; vertical-align: top; color: rgb(64, 64, 64); font-family: tahoma, arial, 宋体, sans-serif; font-size: 14px; white-space: normal; background-color: rgb(255, 255, 255); float: left;\"/><img alt=\"\" src=\"/Public/Uploads/image/20161027/1477569410464211.jpg\" class=\"img-ks-lazyload\" style=\"margin: 0px; padding: 0px; border: 0px; animation: ks-fadeIn 350ms linear 0ms 1 normal both; opacity: 1; vertical-align: top; color: rgb(64, 64, 64); font-family: tahoma, arial, 宋体, sans-serif; font-size: 14px; white-space: normal; background-color: rgb(255, 255, 255); float: left;\"/><img alt=\"\" src=\"/Public/Uploads/image/20161027/1477569411119987.jpg\" class=\"img-ks-lazyload\" style=\"margin: 0px; padding: 0px; border: 0px; animation: ks-fadeIn 350ms linear 0ms 1 normal both; opacity: 1; vertical-align: top; color: rgb(64, 64, 64); font-family: tahoma, arial, 宋体, sans-serif; font-size: 14px; white-space: normal; background-color: rgb(255, 255, 255); float: left;\"/><img alt=\"\" src=\"/Public/Uploads/image/20161027/1477569411328166.jpg\" class=\"img-ks-lazyload\" style=\"margin: 0px; padding: 0px; border: 0px; animation: ks-fadeIn 350ms linear 0ms 1 normal both; opacity: 1; vertical-align: top; color: rgb(64, 64, 64); font-family: tahoma, arial, 宋体, sans-serif; font-size: 14px; white-space: normal; background-color: rgb(255, 255, 255); float: left;\"/><img alt=\"\" src=\"/Public/Uploads/image/20161027/1477569412907338.jpg\" class=\"img-ks-lazyload\" style=\"margin: 0px; padding: 0px; border: 0px; animation: ks-fadeIn 350ms linear 0ms 1 normal both; opacity: 1; vertical-align: top; color: rgb(64, 64, 64); font-family: tahoma, arial, 宋体, sans-serif; font-size: 14px; white-space: normal; background-color: rgb(255, 255, 255); float: left;\"/><img alt=\"\" src=\"/Public/Uploads/image/20161027/1477569412365143.jpg\" class=\"img-ks-lazyload\" style=\"margin: 0px; padding: 0px; border: 0px; animation: ks-fadeIn 350ms linear 0ms 1 normal both; opacity: 1; vertical-align: top; color: rgb(64, 64, 64); font-family: tahoma, arial, 宋体, sans-serif; font-size: 14px; white-space: normal; background-color: rgb(255, 255, 255); float: left;\"/><img alt=\"\" src=\"/Public/Uploads/image/20161027/1477569413245393.jpg\" class=\"img-ks-lazyload\" style=\"margin: 0px; padding: 0px; border: 0px; animation: ks-fadeIn 350ms linear 0ms 1 normal both; opacity: 1; vertical-align: top; color: rgb(64, 64, 64); font-family: tahoma, arial, 宋体, sans-serif; font-size: 14px; white-space: normal; background-color: rgb(255, 255, 255); float: left;\"/><img alt=\"\" src=\"/Public/Uploads/image/20161027/1477569413441254.jpg\" class=\"img-ks-lazyload\" style=\"margin: 0px; padding: 0px; border: 0px; animation: ks-fadeIn 350ms linear 0ms 1 normal both; opacity: 1; vertical-align: top; color: rgb(64, 64, 64); font-family: tahoma, arial, 宋体, sans-serif; font-size: 14px; white-space: normal; background-color: rgb(255, 255, 255); float: left;\"/></p><br/>'),(26,31,200000501,'','<p><a href=\"https://content.tmall.com/wow/pegasus/subject/1/725677994/3967040?id=3967040&&channel=chaoshi&wh_channel=chaoshi4&gccpm=5619776.815.2.subject-chaoshi-2004.709074&site=HD\" target=\"_blank\" style=\"margin: 0px; padding: 0px; text-decoration: none; color: rgb(51, 85, 170); outline: 0px; font-family: tahoma, arial, 宋体, sans-serif; font-size: 14px; white-space: normal; background-color: rgb(255, 255, 255);\"><img alt=\"\" src=\"/Public/Uploads/image/20161029/1477747593992446.jpg\" class=\"img-ks-lazyload\" style=\"margin: 0px; padding: 0px; border: 0px; animation: ks-fadeIn 350ms linear 0ms 1 normal both; opacity: 1; vertical-align: top;\"/><img alt=\"\" src=\"/Public/Uploads/image/20161029/1477747594914483.jpg\" class=\"img-ks-lazyload\" style=\"margin: 0px; padding: 0px; border: 0px; animation: ks-fadeIn 350ms linear 0ms 1 normal both; opacity: 1; vertical-align: top;\"/><img alt=\"\" src=\"/Public/Uploads/image/20161029/1477747596208593.jpg\" class=\"img-ks-lazyload\" style=\"margin: 0px; padding: 0px; border: 0px; animation: ks-fadeIn 350ms linear 0ms 1 normal both; opacity: 1; vertical-align: top;\"/><img alt=\"\" src=\"/Public/Uploads/image/20161029/1477747596736671.jpg\" class=\"img-ks-lazyload\" style=\"margin: 0px; padding: 0px; border: 0px; animation: ks-fadeIn 350ms linear 0ms 1 normal both; opacity: 1; vertical-align: top;\"/><img alt=\"\" src=\"/Public/Uploads/image/20161029/1477747596297224.jpg\" class=\"img-ks-lazyload\" style=\"margin: 0px; padding: 0px; border: 0px; animation: ks-fadeIn 350ms linear 0ms 1 normal both; opacity: 1; vertical-align: top;\"/><img alt=\"\" src=\"/Public/Uploads/image/20161029/1477747596220485.jpg\" class=\"img-ks-lazyload\" style=\"margin: 0px; padding: 0px; border: 0px; animation: ks-fadeIn 350ms linear 0ms 1 normal both; opacity: 1; vertical-align: top;\"/><img alt=\"\" src=\"/Public/Uploads/image/20161029/1477747597759030.jpg\" class=\"img-ks-lazyload\" style=\"margin: 0px; padding: 0px; border: 0px; animation: ks-fadeIn 350ms linear 0ms 1 normal both; opacity: 1; vertical-align: top;\"/><img alt=\"\" src=\"/Public/Uploads/image/20161029/1477747597265158.jpg\" class=\"img-ks-lazyload\" style=\"margin: 0px; padding: 0px; border: 0px; animation: ks-fadeIn 350ms linear 0ms 1 normal both; opacity: 1; vertical-align: top;\"/><img alt=\"\" src=\"/Public/Uploads/image/20161029/1477747598183954.jpg\" class=\"img-ks-lazyload\" style=\"margin: 0px; padding: 0px; border: 0px; animation: ks-fadeIn 350ms linear 0ms 1 normal both; opacity: 1; vertical-align: top;\"/><img alt=\"\" src=\"/Public/Uploads/image/20161029/1477747598689999.jpg\" class=\"img-ks-lazyload\" style=\"margin: 0px; padding: 0px; border: 0px; animation: ks-fadeIn 350ms linear 0ms 1 normal both; opacity: 1; vertical-align: top;\"/></a></p>'),(27,32,200000601,'','<table><tbody style=\"margin: 0px; padding: 0px;\"><tr style=\"margin: 0px; padding: 0px;\" class=\"firstRow\"><td width=\"524\" style=\"margin: 0px; padding: 0px; border-color: rgb(0, 0, 0);\"><img src=\"https://img.alicdn.com/imgextra/i2/619123122/TB2oiWNsXXXXXXoXFXXXXXXXXXX-619123122.jpg\" align=\"absmiddle\" class=\"img-ks-lazyload\" style=\"margin: 0px; padding: 0px; border: 0px; vertical-align: top; animation: ks-fadeIn 350ms linear 0ms 1 normal both; opacity: 1; line-height: 1.5;\"/><img src=\"https://img.alicdn.com/imgextra/i3/619123122/TB2KLSLsXXXXXXMXFXXXXXXXXXX-619123122.jpg\" align=\"absmiddle\" class=\"img-ks-lazyload\" style=\"margin: 0px; padding: 0px; border: 0px; vertical-align: top; animation: ks-fadeIn 350ms linear 0ms 1 normal both; opacity: 1; line-height: 1.5;\"/><img src=\"https://img.alicdn.com/imgextra/i1/619123122/TB2MNDvsXXXXXbpXXXXXXXXXXXX-619123122.jpg\" align=\"absmiddle\" class=\"img-ks-lazyload\" style=\"margin: 0px; padding: 0px; border: 0px; vertical-align: top; animation: ks-fadeIn 350ms linear 0ms 1 normal both; opacity: 1; line-height: 1.5;\"/><img src=\"https://img.alicdn.com/imgextra/i2/619123122/TB2dkKTsXXXXXcOXpXXXXXXXXXX-619123122.jpg\" align=\"absmiddle\" class=\"img-ks-lazyload\" style=\"margin: 0px; padding: 0px; border: 0px; vertical-align: top; animation: ks-fadeIn 350ms linear 0ms 1 normal both; opacity: 1; line-height: 1.5;\"/><img src=\"https://img.alicdn.com/imgextra/i2/619123122/TB2IsvmsXXXXXcuXXXXXXXXXXXX-619123122.jpg\" align=\"absmiddle\" class=\"img-ks-lazyload\" style=\"margin: 0px; padding: 0px; border: 0px; vertical-align: top; animation: ks-fadeIn 350ms linear 0ms 1 normal both; opacity: 1; line-height: 1.5;\"/><img src=\"https://img.alicdn.com/imgextra/i4/619123122/TB2pzYXsXXXXXaXXpXXXXXXXXXX-619123122.jpg\" align=\"absmiddle\" class=\"img-ks-lazyload\" style=\"margin: 0px; padding: 0px; border: 0px; vertical-align: top; animation: ks-fadeIn 350ms linear 0ms 1 normal both; opacity: 1; line-height: 1.5;\"/><img src=\"https://img.alicdn.com/imgextra/i2/619123122/TB2iRfusXXXXXbmXXXXXXXXXXXX-619123122.jpg\" align=\"absmiddle\" class=\"img-ks-lazyload\" style=\"margin: 0px; padding: 0px; border: 0px; vertical-align: top; animation: ks-fadeIn 350ms linear 0ms 1 normal both; opacity: 1; line-height: 1.5;\"/><img src=\"https://img.alicdn.com/imgextra/i4/619123122/TB2.bLBsXXXXXaDXXXXXXXXXXXX-619123122.jpg\" align=\"absmiddle\" class=\"img-ks-lazyload\" style=\"margin: 0px; padding: 0px; border: 0px; vertical-align: top; animation: ks-fadeIn 350ms linear 0ms 1 normal both; opacity: 1; line-height: 1.5;\"/><img src=\"https://img.alicdn.com/imgextra/i2/619123122/TB2sM9MsXXXXXXAXFXXXXXXXXXX-619123122.jpg\" align=\"absmiddle\" class=\"img-ks-lazyload\" style=\"margin: 0px; padding: 0px; border: 0px; vertical-align: top; animation: ks-fadeIn 350ms linear 0ms 1 normal both; opacity: 1; line-height: 1.5;\"/><img src=\"https://img.alicdn.com/imgextra/i4/619123122/TB2PGe8sXXXXXa3XpXXXXXXXXXX-619123122.jpg\" align=\"absmiddle\" class=\"img-ks-lazyload\" style=\"margin: 0px; padding: 0px; border: 0px; vertical-align: top; animation: ks-fadeIn 350ms linear 0ms 1 normal both; opacity: 1; line-height: 1.5;\"/><img src=\"https://img.alicdn.com/imgextra/i3/619123122/TB2nBHasXXXXXalXpXXXXXXXXXX-619123122.jpg\" align=\"absmiddle\" class=\"img-ks-lazyload\" style=\"margin: 0px; padding: 0px; border: 0px; vertical-align: top; animation: ks-fadeIn 350ms linear 0ms 1 normal both; opacity: 1; line-height: 1.5;\"/><img src=\"https://img.alicdn.com/imgextra/i1/619123122/TB27cqNsXXXXXc.XpXXXXXXXXXX-619123122.jpg\" align=\"absmiddle\" class=\"img-ks-lazyload\" style=\"margin: 0px; padding: 0px; border: 0px; vertical-align: top; animation: ks-fadeIn 350ms linear 0ms 1 normal both; opacity: 1; line-height: 1.5;\"/></td></tr></tbody></table><p><br/></p>'),(28,32,200000602,'','<table><tbody style=\"margin: 0px; padding: 0px;\"><tr style=\"margin: 0px; padding: 0px;\" class=\"firstRow\"><td width=\"524\" style=\"margin: 0px; padding: 0px; border-color: rgb(0, 0, 0);\"><img src=\"https://img.alicdn.com/imgextra/i2/619123122/TB2oiWNsXXXXXXoXFXXXXXXXXXX-619123122.jpg\" align=\"absmiddle\" class=\"img-ks-lazyload\" style=\"margin: 0px; padding: 0px; border: 0px; vertical-align: top; animation: ks-fadeIn 350ms linear 0ms 1 normal both; opacity: 1; line-height: 1.5;\"/><img src=\"https://img.alicdn.com/imgextra/i3/619123122/TB2KLSLsXXXXXXMXFXXXXXXXXXX-619123122.jpg\" align=\"absmiddle\" class=\"img-ks-lazyload\" style=\"margin: 0px; padding: 0px; border: 0px; vertical-align: top; animation: ks-fadeIn 350ms linear 0ms 1 normal both; opacity: 1; line-height: 1.5;\"/><img src=\"https://img.alicdn.com/imgextra/i1/619123122/TB2MNDvsXXXXXbpXXXXXXXXXXXX-619123122.jpg\" align=\"absmiddle\" class=\"img-ks-lazyload\" style=\"margin: 0px; padding: 0px; border: 0px; vertical-align: top; animation: ks-fadeIn 350ms linear 0ms 1 normal both; opacity: 1; line-height: 1.5;\"/><img src=\"https://img.alicdn.com/imgextra/i2/619123122/TB2dkKTsXXXXXcOXpXXXXXXXXXX-619123122.jpg\" align=\"absmiddle\" class=\"img-ks-lazyload\" style=\"margin: 0px; padding: 0px; border: 0px; vertical-align: top; animation: ks-fadeIn 350ms linear 0ms 1 normal both; opacity: 1; line-height: 1.5;\"/><img src=\"https://img.alicdn.com/imgextra/i2/619123122/TB2IsvmsXXXXXcuXXXXXXXXXXXX-619123122.jpg\" align=\"absmiddle\" class=\"img-ks-lazyload\" style=\"margin: 0px; padding: 0px; border: 0px; vertical-align: top; animation: ks-fadeIn 350ms linear 0ms 1 normal both; opacity: 1; line-height: 1.5;\"/><img src=\"https://img.alicdn.com/imgextra/i4/619123122/TB2pzYXsXXXXXaXXpXXXXXXXXXX-619123122.jpg\" align=\"absmiddle\" class=\"img-ks-lazyload\" style=\"margin: 0px; padding: 0px; border: 0px; vertical-align: top; animation: ks-fadeIn 350ms linear 0ms 1 normal both; opacity: 1; line-height: 1.5;\"/><img src=\"https://img.alicdn.com/imgextra/i2/619123122/TB2iRfusXXXXXbmXXXXXXXXXXXX-619123122.jpg\" align=\"absmiddle\" class=\"img-ks-lazyload\" style=\"margin: 0px; padding: 0px; border: 0px; vertical-align: top; animation: ks-fadeIn 350ms linear 0ms 1 normal both; opacity: 1; line-height: 1.5;\"/><img src=\"https://img.alicdn.com/imgextra/i4/619123122/TB2.bLBsXXXXXaDXXXXXXXXXXXX-619123122.jpg\" align=\"absmiddle\" class=\"img-ks-lazyload\" style=\"margin: 0px; padding: 0px; border: 0px; vertical-align: top; animation: ks-fadeIn 350ms linear 0ms 1 normal both; opacity: 1; line-height: 1.5;\"/><img src=\"https://img.alicdn.com/imgextra/i2/619123122/TB2sM9MsXXXXXXAXFXXXXXXXXXX-619123122.jpg\" align=\"absmiddle\" class=\"img-ks-lazyload\" style=\"margin: 0px; padding: 0px; border: 0px; vertical-align: top; animation: ks-fadeIn 350ms linear 0ms 1 normal both; opacity: 1; line-height: 1.5;\"/><img src=\"https://img.alicdn.com/imgextra/i4/619123122/TB2PGe8sXXXXXa3XpXXXXXXXXXX-619123122.jpg\" align=\"absmiddle\" class=\"img-ks-lazyload\" style=\"margin: 0px; padding: 0px; border: 0px; vertical-align: top; animation: ks-fadeIn 350ms linear 0ms 1 normal both; opacity: 1; line-height: 1.5;\"/><img src=\"https://img.alicdn.com/imgextra/i3/619123122/TB2nBHasXXXXXalXpXXXXXXXXXX-619123122.jpg\" align=\"absmiddle\" class=\"img-ks-lazyload\" style=\"margin: 0px; padding: 0px; border: 0px; vertical-align: top; animation: ks-fadeIn 350ms linear 0ms 1 normal both; opacity: 1; line-height: 1.5;\"/><img src=\"https://img.alicdn.com/imgextra/i1/619123122/TB27cqNsXXXXXc.XpXXXXXXXXXX-619123122.jpg\" align=\"absmiddle\" class=\"img-ks-lazyload\" style=\"margin: 0px; padding: 0px; border: 0px; vertical-align: top; animation: ks-fadeIn 350ms linear 0ms 1 normal both; opacity: 1; line-height: 1.5;\"/></td></tr></tbody></table><p><br/></p>'),(29,33,200000701,'','<p><img alt=\"开口松子奶油PC_01.jpg\" src=\"https://img.alicdn.com/imgextra/i2/880734502/TB272I2nXXXXXbyXpXXXXXXXXXX-880734502.jpg\" class=\"img-ks-lazyload\" style=\"margin: 0px; padding: 0px; border: 0px; animation: ks-fadeIn 350ms linear 0ms 1 normal both; opacity: 1; vertical-align: top;\"/><img class=\"desc_anchor img-ks-lazyload\" id=\"desc-module-2\" src=\"https://assets.alicdn.com/kissy/1.0.0/build/imglazyload/spaceball.gif\" style=\"margin: 0px; padding: 0px; border: 0px; height: 1px; display: block; clear: both; animation: ks-fadeIn 350ms linear 0ms 1 normal both; opacity: 1; vertical-align: top;\"/><img alt=\"开口松子奶油PC_02.jpg\" src=\"https://img.alicdn.com/imgextra/i2/880734502/TB2JAw7nXXXXXaJXpXXXXXXXXXX-880734502.jpg\" class=\"img-ks-lazyload\" style=\"margin: 0px; padding: 0px; border: 0px; animation: ks-fadeIn 350ms linear 0ms 1 normal both; opacity: 1; vertical-align: top;\"/><img class=\"desc_anchor img-ks-lazyload\" id=\"desc-module-3\" src=\"https://assets.alicdn.com/kissy/1.0.0/build/imglazyload/spaceball.gif\" style=\"margin: 0px; padding: 0px; border: 0px; height: 1px; display: block; clear: both; animation: ks-fadeIn 350ms linear 0ms 1 normal both; opacity: 1; vertical-align: top;\"/><img src=\"https://img.alicdn.com/imgextra/i1/880734502/TB2fTRXnpXXXXXVXpXXXXXXXXXX-880734502.jpg\" class=\"img-ks-lazyload\" style=\"margin: 0px; padding: 0px; border: 0px; animation: ks-fadeIn 350ms linear 0ms 1 normal both; opacity: 1; vertical-align: top;\"/><img src=\"https://img.alicdn.com/imgextra/i2/880734502/TB2.rxonpXXXXbLXXXXXXXXXXXX-880734502.jpg\" class=\"img-ks-lazyload\" style=\"margin: 0px; padding: 0px; border: 0px; animation: ks-fadeIn 350ms linear 0ms 1 normal both; opacity: 1; vertical-align: top;\"/><img class=\"desc_anchor img-ks-lazyload\" id=\"desc-module-4\" src=\"https://assets.alicdn.com/kissy/1.0.0/build/imglazyload/spaceball.gif\" style=\"margin: 0px; padding: 0px; border: 0px; height: 1px; display: block; clear: both; animation: ks-fadeIn 350ms linear 0ms 1 normal both; opacity: 1; vertical-align: top;\"/><img src=\"https://img.alicdn.com/imgextra/i3/880734502/TB2jcxtnpXXXXaQXXXXXXXXXXXX-880734502.jpg\" class=\"img-ks-lazyload\" style=\"margin: 0px; padding: 0px; border: 0px; animation: ks-fadeIn 350ms linear 0ms 1 normal both; opacity: 1; vertical-align: top;\"/><img src=\"https://img.alicdn.com/imgextra/i3/880734502/TB24jIRnXXXXXXeXFXXXXXXXXXX-880734502.jpg\" class=\"img-ks-lazyload\" style=\"margin: 0px; padding: 0px; border: 0px; animation: ks-fadeIn 350ms linear 0ms 1 normal both; opacity: 1; vertical-align: top;\"/><img src=\"https://img.alicdn.com/imgextra/i4/880734502/TB2zAXjnpXXXXciXXXXXXXXXXXX-880734502.jpg\" class=\"img-ks-lazyload\" style=\"margin: 0px; padding: 0px; border: 0px; animation: ks-fadeIn 350ms linear 0ms 1 normal both; opacity: 1; vertical-align: top;\"/><img src=\"https://img.alicdn.com/imgextra/i3/880734502/TB2pXZ5nXXXXXbjXpXXXXXXXXXX-880734502.jpg\" class=\"img-ks-lazyload\" style=\"margin: 0px; padding: 0px; border: 0px; animation: ks-fadeIn 350ms linear 0ms 1 normal both; opacity: 1; vertical-align: top;\"/><img src=\"https://img.alicdn.com/imgextra/i1/880734502/TB2n8s6nXXXXXajXpXXXXXXXXXX-880734502.jpg\" class=\"img-ks-lazyload\" style=\"margin: 0px; padding: 0px; border: 0px; animation: ks-fadeIn 350ms linear 0ms 1 normal both; opacity: 1; vertical-align: top;\"/><img alt=\"62.jpg\" src=\"https://img.alicdn.com/imgextra/i1/880734502/TB2IPpJmXXXXXboXpXXXXXXXXXX-880734502.jpg\" class=\"img-ks-lazyload\" style=\"margin: 0px; padding: 0px; border: 0px; animation: ks-fadeIn 350ms linear 0ms 1 normal both; opacity: 1; vertical-align: top;\"/></p><p><span style=\"margin: 0px; padding: 0px;text-decoration:line-through;\"><strong style=\"margin: 0px; padding: 0px;\"></strong></span></p><p><span style=\"margin: 0px; padding: 0px;\"></span></p><p>&nbsp;</p><ul class=\"sx_content_sys clearfix list-paddingleft-2\" style=\"list-style-type: none;\"><li><p>&nbsp;</p></li><li><p>&nbsp;</p></li><li><p>&nbsp;</p></li><li><p>&nbsp;</p></li><li><p>&nbsp;</p></li></ul><p><span class=\"sx_left_sys sn-simple-logo sx_abs\" style=\"margin: 0px; padding: 0px; position: absolute; height: auto; width: auto; z-index: 90; left: 0px; top: 414px; cursor: pointer;\"><img src=\"https://gdp.alicdn.com/imgextra/i2/880734502/TB2_cXndFXXXXcfXXXXXXXXXXXX-880734502.png\" style=\"margin: 0px; padding: 0px; border: 0px; vertical-align: middle;\"/></span><span class=\"sx_right_sys sn-simple-logo sx_abs\" style=\"margin: 0px; padding: 0px; position: absolute; height: auto; width: auto; z-index: 90; left: 730px; top: 414px; cursor: pointer;\"><img src=\"https://gdp.alicdn.com/imgextra/i2/880734502/TB2slXcdFXXXXaAXpXXXXXXXXXX-880734502.png\" style=\"margin: 0px; padding: 0px; border: 0px; vertical-align: middle;\"/></span></p><p><img src=\"https://gdp.alicdn.com/imgextra/i3/880734502/TB2oqrYXzzB11BjSspaXXcJ0VXa-880734502.jpg\" style=\"margin: 0px; padding: 0px; border: 0px; vertical-align: middle;\"/></p><p><img src=\"https://gdp.alicdn.com/imgextra/i4/880734502/TB2Lz9phFXXXXbtXpXXXXXXXXXX-880734502.jpg\" style=\"margin: 0px; padding: 0px; border: 0px; vertical-align: middle;\"/></p><p><img src=\"https://gdp.alicdn.com/imgextra/i2/880734502/TB2hvYWXpYC11BjSspfXXXcPFXa-880734502.jpg\" style=\"margin: 0px; padding: 0px; border: 0px; vertical-align: middle;\"/></p><p><img src=\"https://gdp.alicdn.com/imgextra/i1/880734502/TB2JZjHeVXXXXcsXXXXXXXXXXXX-880734502.jpg\" style=\"margin: 0px; padding: 0px; border: 0px; vertical-align: middle;\"/></p><p></p><p><br/></p>');
/*!40000 ALTER TABLE `think_attr` ENABLE KEYS */;
UNLOCK TABLES;

--
-- Table structure for table `think_comment`
--

DROP TABLE IF EXISTS `think_comment`;
/*!40101 SET @saved_cs_client     = @@character_set_client */;
/*!40101 SET character_set_client = utf8 */;
CREATE TABLE `think_comment` (
  `id` int(11) unsigned NOT NULL AUTO_INCREMENT COMMENT '自增主键',
  `goods_id` int(8) NOT NULL COMMENT '商品id',
  `comment_type` varchar(8) COLLATE utf8_unicode_ci NOT NULL COMMENT '评价类型',
  `comment` text COLLATE utf8_unicode_ci NOT NULL COMMENT '评价内容',
  `goods_type1` varchar(20) COLLATE utf8_unicode_ci NOT NULL COMMENT '规格1名称',
  `type1_name` varchar(20) COLLATE utf8_unicode_ci NOT NULL COMMENT '规格1子类名',
  `goods_type2` varchar(20) COLLATE utf8_unicode_ci NOT NULL COMMENT '规格2名称',
  `type2_name` varchar(20) COLLATE utf8_unicode_ci NOT NULL COMMENT '规格2子类名',
  `picture` text COLLATE utf8_unicode_ci NOT NULL COMMENT '商品评价图片',
  `user_name` varchar(20) COLLATE utf8_unicode_ci NOT NULL COMMENT '评价者昵称',
  `user_id` int(8) NOT NULL COMMENT '评价者id',
  `status` int(2) NOT NULL COMMENT '评价状态',
  `addtime` int(11) NOT NULL COMMENT '评价时间',
  PRIMARY KEY (`id`)
) ENGINE=InnoDB AUTO_INCREMENT=14 DEFAULT CHARSET=utf8 COLLATE=utf8_unicode_ci;
/*!40101 SET character_set_client = @saved_cs_client */;

--
-- Dumping data for table `think_comment`
--

LOCK TABLES `think_comment` WRITE;
/*!40000 ALTER TABLE `think_comment` DISABLE KEYS */;
INSERT INTO `think_comment` VALUES (3,20,'好评','这个口味不错～～！这个口味不错～～！这个口味不错～～！这个口味不错～～！这个口味不错～～！这个口味不错～～！','尺寸','中号','包装','全家桶','a:2:{i:0;s:91:\"/Public/Uploads/comment/person/user_id4/order_id147675653100047323/sn1011/580f53f7adab2.jpg\";i:1;s:91:\"/Public/Uploads/comment/person/user_id4/order_id147675653100047323/sn1011/580f53f98e0ec.jpg\";}','penn',4,0,1477399559),(4,20,'中评','难吃啊～～～～～～～～～！！','尺寸','小号','包装','双人','a:1:{i:0;s:91:\"/Public/Uploads/comment/person/user_id4/order_id147675653100047323/sn1012/580f540654201.jpg\";}','penn',4,0,1477399559),(5,7,'差评','实在不要太难吃了~~','口味','原味','包装','手袋单人份','N;','penn',4,0,1477406848),(6,27,'好评','给个好评呗，英剧也是蛮好看的～～！','剧种','英剧','剧型','爱情','N;','penn',4,0,1477406848),(7,7,'好评','不管那么多，先评价试试！。','口味','奶油','包装','手袋单人份','N;','penn',4,0,1477409146),(8,7,'差评','真难吃～～！！～～！','口味','炭烧','包装','手袋单人份','a:1:{i:0;s:94:\"/Public/Uploads/comment/person/user_id4/order_id147748453300042521/sn1000003/5810a08bca71e.jpg\";}','penn',4,0,1477484688),(9,7,'中评','一般般～～！！～','口味','原味','包装','手袋单人份','N;','penn',4,0,1477484716),(10,7,'好评','真是太好吃啦～～！@下次再来买～～！！！！！！！！！！～','口味','咸香','包装','手袋单人份','a:1:{i:0;s:94:\"/Public/Uploads/comment/person/user_id4/order_id147748457200049176/sn1000004/5810a0c815f27.jpg\";}','penn',4,0,1477484745),(11,7,'好评','没吃过，先评论试试～～！','口味','炭烧','包装','礼盒双人份','N;','penn',4,0,1477484778),(12,7,'好评','给个好评试试看～太好吃～～太好吃～～太好吃～～太好吃～～太好吃～～太好吃～～太好吃～～太好吃～～太好吃～～太好吃～～太好吃～～太好吃～～太好吃～～太好吃～～太好吃～～太好吃～～太好吃～～太好吃～～太好吃～～太好吃～～太好吃～～太好吃～～太好吃～～太好吃～～','口味','炭烧','包装','手袋单人份','a:5:{i:0;s:94:\"/Public/Uploads/comment/person/user_id4/order_id147755080800048285/sn1000003/5811a33169858.jpg\";i:1;s:94:\"/Public/Uploads/comment/person/user_id4/order_id147755080800048285/sn1000003/5811a3332d312.jpg\";i:2;s:94:\"/Public/Uploads/comment/person/user_id4/order_id147755080800048285/sn1000003/5811a334cc095.jpg\";i:3;s:94:\"/Public/Uploads/comment/person/user_id4/order_id147755080800048285/sn1000003/5811a337368d5.jpg\";i:4;s:94:\"/Public/Uploads/comment/person/user_id4/order_id147755080800048285/sn1000003/5811a33f24098.jpg\";}','penn',4,0,1477550912),(13,7,'好评','尝试一波`～～～！～～','口味','炭烧','包装','手袋单人份','a:2:{i:0;s:94:\"/Public/Uploads/comment/person/user_id5/order_id147790690100050942/sn1000003/581b27f52a99c.jpg\";i:1;s:94:\"/Public/Uploads/comment/person/user_id5/order_id147790690100050942/sn1000003/581b27f6ef59b.jpg\";}','betwsne',5,0,1478174711);
/*!40000 ALTER TABLE `think_comment` ENABLE KEYS */;
UNLOCK TABLES;

--
-- Table structure for table `think_goods`
--

DROP TABLE IF EXISTS `think_goods`;
/*!40101 SET @saved_cs_client     = @@character_set_client */;
/*!40101 SET character_set_client = utf8 */;
CREATE TABLE `think_goods` (
  `goods_id` int(11) NOT NULL AUTO_INCREMENT COMMENT '自增主键',
  `goods_name` varchar(50) COLLATE utf8_unicode_ci NOT NULL COMMENT '商品名称',
  `goods_type` varchar(200) COLLATE utf8_unicode_ci NOT NULL COMMENT '种类(口味、颜色之类)',
  `goods_type2` varchar(20) COLLATE utf8_unicode_ci NOT NULL COMMENT '规格2(尺寸、大小、包装等)',
  `goods_package` varchar(200) COLLATE utf8_unicode_ci NOT NULL COMMENT '包装',
  `goods_brief` varchar(200) COLLATE utf8_unicode_ci NOT NULL COMMENT '商品简介',
  `category_id` int(11) NOT NULL COMMENT '范畴ID',
  `goods_nums` varchar(8) COLLATE utf8_unicode_ci NOT NULL COMMENT '商品库存',
  `month_sales` int(8) NOT NULL COMMENT '月销量',
  `cumulative_sales` int(8) NOT NULL COMMENT '累计销量',
  `goods_evaluation` int(8) NOT NULL COMMENT '评价数目',
  `goods_description` text COLLATE utf8_unicode_ci NOT NULL COMMENT '商品描述',
  `goods_source` varchar(24) COLLATE utf8_unicode_ci NOT NULL COMMENT '商品来源名',
  `hot_spot` varchar(128) COLLATE utf8_unicode_ci NOT NULL COMMENT '选购热点',
  `addtime` int(13) NOT NULL COMMENT '添加时间',
  PRIMARY KEY (`goods_id`)
) ENGINE=MyISAM AUTO_INCREMENT=34 DEFAULT CHARSET=utf8 COLLATE=utf8_unicode_ci;
/*!40101 SET character_set_client = @saved_cs_client */;

--
-- Dumping data for table `think_goods`
--

LOCK TABLES `think_goods` WRITE;
/*!40000 ALTER TABLE `think_goods` DISABLE KEYS */;
INSERT INTO `think_goods` VALUES (7,'良品铺子 手剥松子218g 坚果炒货 巴西松子','口味','包装','a:3:{i:0;s:15:\"手袋单人份\";i:1;s:15:\"礼盒双人份\";i:2;s:15:\"全家福礼包\";}','',7,'1000',1015,6015,640,' &nbsp; &nbsp; &nbsp; &nbsp; &nbsp; &nbsp; &nbsp; &nbsp; &nbsp; &nbsp; &nbsp; &nbsp; &nbsp; &nbsp; &nbsp; &nbsp; &nbsp; &nbsp; &nbsp; &nbsp; &nbsp; &nbsp; &nbsp; &nbsp; &nbsp; &nbsp; &nbsp; &nbsp;<img src=\"/Public/images/tw1.jpg\"/><img src=\"/Public/images/tw2.jpg\"/><img src=\"/Public/images/tw3.jpg\"/><img src=\"/Public/images/tw4.jpg\"/><img src=\"/Public/images/tw5.jpg\"/><img src=\"/Public/images/tw6.jpg\"/><img src=\"/Public/images/tw7.jpg\"/> &nbsp; &nbsp; &nbsp; &nbsp; &nbsp; &nbsp; &nbsp; &nbsp; &nbsp; &nbsp; &nbsp; &nbsp; &nbsp; &nbsp; &nbsp; &nbsp; &nbsp; &nbsp; &nbsp; &nbsp; &nbsp; &nbsp; &nbsp; &nbsp;','良品铺子','巴西松子',1475897100),(20,'测试006','口味','包装','a:3:{i:0;s:6:\"单人\";i:1;s:6:\"双人\";i:2;s:9:\"全家桶\";}','',8,'',6666,6666,6666,' &nbsp; &nbsp; &nbsp; &nbsp; &nbsp; &nbsp; &nbsp; &nbsp; &nbsp; &nbsp; &nbsp; &nbsp; &nbsp; &nbsp; &nbsp; &nbsp; &nbsp; &nbsp; &nbsp; &nbsp; &nbsp; &nbsp; &nbsp; &nbsp; &nbsp; &nbsp; &nbsp; &nbsp;<img src=\"/Public/images/tw1.jpg\"/><img src=\"/Public/images/tw2.jpg\"/><img src=\"/Public/images/tw3.jpg\"/><img src=\"/Public/images/tw4.jpg\"/><img src=\"/Public/images/tw5.jpg\"/><img src=\"/Public/images/tw6.jpg\"/><img src=\"/Public/images/tw7.jpg\"/> &nbsp; &nbsp; &nbsp; &nbsp; &nbsp; &nbsp; &nbsp; &nbsp; &nbsp; &nbsp; &nbsp; &nbsp; &nbsp; &nbsp; &nbsp; &nbsp; &nbsp; &nbsp; &nbsp; &nbsp; &nbsp; &nbsp; &nbsp; &nbsp;','','',1476026162),(23,'iphone8','颜色','尺寸','','美国品牌，富士康代工生产',8,'',1010,6015,640,'&lt;p&gt;暂时没什么可以描述的～～～！&lt;/p&gt;','Apple Corporation','',1476956032),(27,'字幕组','剧种','剧型','','没有简介，每个剧不同。',1,'',5000,15000,12000,'&lt;p&gt;先不描述。&lt;/p&gt;','良品铺子','',1477199453),(29,'亿滋 趣多多曲奇饼干缤纷逗巧克力味255g 家庭装','口味','包装','','规格：255g/包\r\n产地：浙江\r\n存放于阴凉干燥处，避免阳光直射',3,'',6725,20250,15225,'<table cellpadding=\"0\" cellspacing=\"0\" width=\"738\" style=\"width: 753px;\"><tbody style=\"margin: 0px; padding: 0px;\"><tr style=\"margin: 0px; padding: 0px;\" class=\"firstRow\"><td style=\"margin: 0px; padding: 0px; border-color: rgb(0, 0, 0);\"><p style=\"margin-top: 1.12em; margin-bottom: 1.12em; line-height: 1.4;\">规格：255g/包</p><p style=\"margin-top: 1.12em; margin-bottom: 1.12em; line-height: 1.4;\">产地：浙江</p><p style=\"margin-top: 1.12em; margin-bottom: 1.12em; line-height: 1.4;\">存放于阴凉干燥处，避免阳光直射</p></td></tr><tr style=\"margin: 0px; padding: 0px;\"><td style=\"margin: 0px; padding: 0px; border-color: rgb(0, 0, 0);\"><img src=\"https://img.alicdn.com/imgextra/i3/725677994/T2ie47Xi8XXXXXXXXX_!!725677994.jpg\" class=\"img-ks-lazyload\" style=\"margin: 0px; padding: 0px; border: 0px; vertical-align: top; animation: ks-fadeIn 350ms linear 0ms 1 normal both; opacity: 1;\"/></td></tr><tr style=\"margin: 0px; padding: 0px;\"><td style=\"margin: 0px; padding: 0px; border-color: rgb(0, 0, 0);\"><img src=\"https://img.alicdn.com/imgextra/i2/725677994/TB2Ha0PgVXXXXc3XXXXXXXXXXXX_!!725677994.jpg\" alt=\"\" class=\"img-ks-lazyload\" style=\"margin: 10px; padding: 0px; border: 0px; vertical-align: top; animation: ks-fadeIn 350ms linear 0ms 1 normal both; opacity: 1;\"/><img src=\"https://img.alicdn.com/imgextra/i1/725677994/TB2MXNFgVXXXXaJXpXXXXXXXXXX_!!725677994.jpg\" alt=\"\" class=\"img-ks-lazyload\" style=\"margin: 10px; padding: 0px; border: 0px; vertical-align: top; animation: ks-fadeIn 350ms linear 0ms 1 normal both; opacity: 1;\"/><img src=\"https://img.alicdn.com/imgextra/i3/725677994/TB20BttgVXXXXczXpXXXXXXXXXX_!!725677994.jpg\" alt=\"\" class=\"img-ks-lazyload\" style=\"margin: 10px; padding: 0px; border: 0px; vertical-align: top; animation: ks-fadeIn 350ms linear 0ms 1 normal both; opacity: 1;\"/><img src=\"https://img.alicdn.com/imgextra/i1/725677994/TB26ZJUgVXXXXbxXXXXXXXXXXXX_!!725677994.jpg\" alt=\"\" class=\"img-ks-lazyload\" style=\"margin: 10px; padding: 0px; border: 0px; vertical-align: top; animation: ks-fadeIn 350ms linear 0ms 1 normal both; opacity: 1;\"/><img src=\"https://img.alicdn.com/imgextra/i1/725677994/TB2zsXAgVXXXXa8XpXXXXXXXXXX_!!725677994.jpg\" alt=\"\" class=\"img-ks-lazyload\" style=\"margin: 10px; padding: 0px; border: 0px; vertical-align: top; animation: ks-fadeIn 350ms linear 0ms 1 normal both; opacity: 1;\"/><img src=\"https://img.alicdn.com/imgextra/i3/725677994/TB2F5dAgVXXXXaPXpXXXXXXXXXX_!!725677994.jpg\" alt=\"\" class=\"img-ks-lazyload\" style=\"margin: 10px; padding: 0px; border: 0px; vertical-align: top; animation: ks-fadeIn 350ms linear 0ms 1 normal both; opacity: 1;\"/><img src=\"https://img.alicdn.com/imgextra/i3/725677994/TB2mYJxgVXXXXbiXpXXXXXXXXXX_!!725677994.jpg\" alt=\"\" class=\"img-ks-lazyload\" style=\"margin: 10px; padding: 0px; border: 0px; vertical-align: top; animation: ks-fadeIn 350ms linear 0ms 1 normal both; opacity: 1;\"/><img src=\"https://img.alicdn.com/imgextra/i2/725677994/TB2N90MgVXXXXXiXpXXXXXXXXXX_!!725677994.jpg\" alt=\"\" class=\"img-ks-lazyload\" style=\"margin: 10px; padding: 0px; border: 0px; vertical-align: top; animation: ks-fadeIn 350ms linear 0ms 1 normal both; opacity: 1;\"/><img src=\"https://img.alicdn.com/imgextra/i2/725677994/TB2aENVgVXXXXaMXXXXXXXXXXXX_!!725677994.jpg\" alt=\"\" class=\"img-ks-lazyload\" style=\"margin: 10px; padding: 0px; border: 0px; vertical-align: top; animation: ks-fadeIn 350ms linear 0ms 1 normal both; opacity: 1;\"/></td></tr><tr style=\"margin: 0px; padding: 0px;\"><td style=\"margin: 0px; padding: 0px; border-color: rgb(0, 0, 0);\"><img src=\"https://img.alicdn.com/imgextra/i3/725677994/T25u07XjNXXXXXXXXX_!!725677994.jpg\" class=\"img-ks-lazyload\" style=\"margin: 0px; padding: 0px; border: 0px; vertical-align: top; animation: ks-fadeIn 350ms linear 0ms 1 normal both; opacity: 1;\"/></td></tr><tr style=\"margin: 0px; padding: 0px;\"><td style=\"margin: 0px; padding: 0px; border-color: rgb(0, 0, 0);\"><p style=\"margin-top: 1.12em; margin-bottom: 1.12em; line-height: 1.4;\"><img src=\"https://img.alicdn.com/imgextra/i3/725677994/TB26se2cpXXXXb9XXXXXXXXXXXX-725677994.jpg\" align=\"absMiddle\" class=\"img-ks-lazyload\" style=\"margin: 0px; padding: 0px; border: 0px; vertical-align: top; animation: ks-fadeIn 350ms linear 0ms 1 normal both; opacity: 1; float: none; width: 700px;\"/></p></td></tr></tbody></table><p><br/></p>','趣多多','缤纷逗',1477554559),(30,'良品铺子碧根果奶香味190g坚果零食 干果炒货 山核桃','口味','包装','','优选原料 颗粒饱满 壳薄易剥 香脆可口',7,'',19182,33333,7,'<table width=\"0\" style=\"width: 753px;\"><tbody style=\"margin: 0px; padding: 0px;\"><tr style=\"margin: 0px; padding: 0px;\" class=\"firstRow\"><td width=\"692\" style=\"margin: 0px; padding: 0px; border-color: rgb(0, 0, 0); word-break: break-all;\"><p style=\"margin-top: 1.12em; margin-bottom: 1.12em; line-height: 1.4;\"><a href=\"https://pages.tmall.com/wow/chaoshi/act/shuang11tqh-dyb?spm=0.0.0.0&t=shuang11hub\" target=\"_blank\" style=\"margin: 0px; padding: 0px; text-decoration: none; color: rgb(51, 85, 170); outline: 0px;\"><img align=\"absmiddle\" src=\"/Public/Uploads/image/20161027/1477569408416895.jpg\" class=\"img-ks-lazyload\" style=\"margin: 0px; padding: 0px; border: 0px; vertical-align: top; animation: ks-fadeIn 350ms linear 0ms 1 normal both; opacity: 1; float: none;\"/></a></p><p style=\"margin-top: 1.12em; margin-bottom: 1.12em; line-height: 1.4;\"><img border=\"0\" height=\"259\" src=\"/Public/Uploads/image/20161027/1477569408478076.jpg\" usemap=\"#Map\" width=\"790\" class=\"img-ks-lazyload\" style=\"margin: 0px; padding: 0px; border: 0px; vertical-align: top; animation: ks-fadeIn 350ms linear 0ms 1 normal both; opacity: 1; float: none;\"/></p></td></tr><tr style=\"margin: 0px; padding: 0px;\"><td style=\"margin: 0px; padding: 0px; border-color: rgb(0, 0, 0);\"><img border=\"0\" height=\"603\" src=\"/Public/Uploads/image/20161027/1477569409592514.jpg\" usemap=\"#Map2\" width=\"790\" class=\"img-ks-lazyload\" style=\"margin: 0px; padding: 0px; border: 0px; vertical-align: top; animation: ks-fadeIn 350ms linear 0ms 1 normal both; opacity: 1;\"/></td></tr></tbody></table><p><map name=\"Map\" style=\"margin: 0px; padding: 0px; color: rgb(64, 64, 64); font-family: tahoma, arial, 宋体, sans-serif; font-size: 14px; white-space: normal; background-color: rgb(255, 255, 255);\"><area coords=\"4,2,786,255\" href=\"https://list.tmall.com/search_product.htm?spm=a3204.7933263.0.0.ouFVsC&cat=50514008&brand=7724367&q=%C1%BC%C6%B7%C6%CC%D7%D3&sort=td&style=g&user_id=725677994&from=chaoshi..pc_1_searchbutton&active=1&industryCatId=50514008&smAreaId=310100#J_Filter\" style=\"margin: 0px; padding: 0px;\"/></map><map name=\"Map2\" style=\"margin: 0px; padding: 0px; color: rgb(64, 64, 64); font-family: tahoma, arial, 宋体, sans-serif; font-size: 14px; white-space: normal; background-color: rgb(255, 255, 255);\"><area coords=\"13,7,390,312\" href=\"https://chaoshi.detail.tmall.com/item.htm?spm=1.1.0.0.CbORw4&id=41026424384&rewcatid=50514008\" style=\"margin: 0px; padding: 0px;\"/><area coords=\"398,10,774,314\" href=\"https://chaoshi.detail.tmall.com/item.htm?spm=0.0.0.0.zzXMJe_0.0.0.0.cUwihr&id=532594179884\" style=\"margin: 0px; padding: 0px;\"/><area coords=\"15,322,272,572\" href=\"https://chaoshi.detail.tmall.com/item.htm?spm=1.1.0.0.CbORw4&id=44183216992&rewcatid=50514008\" style=\"margin: 0px; padding: 0px;\"/><area coords=\"277,325,516,568\" href=\"https://chaoshi.detail.tmall.com/item.htm?spm=0.0.0.0.wSe2VI_0.0.0.0.ttiab5&id=529349194140\" style=\"margin: 0px; padding: 0px;\"/><area coords=\"520,322,778,573\" href=\"https://chaoshi.detail.tmall.com/item.htm?spm=1.1.0.0.CbORw4&id=41012437136&rewcatid=50514008\" style=\"margin: 0px; padding: 0px;\"/></map><span style=\"color: rgb(64, 64, 64); font-family: tahoma, arial, 宋体, sans-serif; font-size: 14px; background-color: rgb(255, 255, 255);\"></span><img height=\"38\" src=\"/Public/Uploads/image/20161027/1477569409170226.jpg\" width=\"740\" class=\"img-ks-lazyload\" style=\"margin: 0px; padding: 0px; border: 0px; animation: ks-fadeIn 350ms linear 0ms 1 normal both; opacity: 1; vertical-align: top; color: rgb(64, 64, 64); font-family: tahoma, arial, 宋体, sans-serif; font-size: 14px; white-space: normal; background-color: rgb(255, 255, 255); line-height: 1.5;\"/><span style=\"color: rgb(64, 64, 64); font-family: tahoma, arial, 宋体, sans-serif; font-size: 14px; background-color: rgb(255, 255, 255);\"></span><img alt=\"\" src=\"/Public/Uploads/image/20161027/1477569410936323.jpg\" class=\"img-ks-lazyload\" style=\"margin: 0px; padding: 0px; border: 0px; animation: ks-fadeIn 350ms linear 0ms 1 normal both; opacity: 1; vertical-align: top; color: rgb(64, 64, 64); font-family: tahoma, arial, 宋体, sans-serif; font-size: 14px; white-space: normal; background-color: rgb(255, 255, 255); float: left;\"/><img alt=\"\" src=\"/Public/Uploads/image/20161027/1477569410464211.jpg\" class=\"img-ks-lazyload\" style=\"margin: 0px; padding: 0px; border: 0px; animation: ks-fadeIn 350ms linear 0ms 1 normal both; opacity: 1; vertical-align: top; color: rgb(64, 64, 64); font-family: tahoma, arial, 宋体, sans-serif; font-size: 14px; white-space: normal; background-color: rgb(255, 255, 255); float: left;\"/><img alt=\"\" src=\"/Public/Uploads/image/20161027/1477569411119987.jpg\" class=\"img-ks-lazyload\" style=\"margin: 0px; padding: 0px; border: 0px; animation: ks-fadeIn 350ms linear 0ms 1 normal both; opacity: 1; vertical-align: top; color: rgb(64, 64, 64); font-family: tahoma, arial, 宋体, sans-serif; font-size: 14px; white-space: normal; background-color: rgb(255, 255, 255); float: left;\"/><img alt=\"\" src=\"/Public/Uploads/image/20161027/1477569411328166.jpg\" class=\"img-ks-lazyload\" style=\"margin: 0px; padding: 0px; border: 0px; animation: ks-fadeIn 350ms linear 0ms 1 normal both; opacity: 1; vertical-align: top; color: rgb(64, 64, 64); font-family: tahoma, arial, 宋体, sans-serif; font-size: 14px; white-space: normal; background-color: rgb(255, 255, 255); float: left;\"/><img alt=\"\" src=\"/Public/Uploads/image/20161027/1477569412907338.jpg\" class=\"img-ks-lazyload\" style=\"margin: 0px; padding: 0px; border: 0px; animation: ks-fadeIn 350ms linear 0ms 1 normal both; opacity: 1; vertical-align: top; color: rgb(64, 64, 64); font-family: tahoma, arial, 宋体, sans-serif; font-size: 14px; white-space: normal; background-color: rgb(255, 255, 255); float: left;\"/><img alt=\"\" src=\"/Public/Uploads/image/20161027/1477569412365143.jpg\" class=\"img-ks-lazyload\" style=\"margin: 0px; padding: 0px; border: 0px; animation: ks-fadeIn 350ms linear 0ms 1 normal both; opacity: 1; vertical-align: top; color: rgb(64, 64, 64); font-family: tahoma, arial, 宋体, sans-serif; font-size: 14px; white-space: normal; background-color: rgb(255, 255, 255); float: left;\"/><img alt=\"\" src=\"/Public/Uploads/image/20161027/1477569413245393.jpg\" class=\"img-ks-lazyload\" style=\"margin: 0px; padding: 0px; border: 0px; animation: ks-fadeIn 350ms linear 0ms 1 normal both; opacity: 1; vertical-align: top; color: rgb(64, 64, 64); font-family: tahoma, arial, 宋体, sans-serif; font-size: 14px; white-space: normal; background-color: rgb(255, 255, 255); float: left;\"/><img alt=\"\" src=\"/Public/Uploads/image/20161027/1477569413441254.jpg\" class=\"img-ks-lazyload\" style=\"margin: 0px; padding: 0px; border: 0px; animation: ks-fadeIn 350ms linear 0ms 1 normal both; opacity: 1; vertical-align: top; color: rgb(64, 64, 64); font-family: tahoma, arial, 宋体, sans-serif; font-size: 14px; white-space: normal; background-color: rgb(255, 255, 255); float: left;\"/></p><br/>','良品铺子','碧根果',1477569432),(31,'洽洽手剥巴西松子120g原味 休闲零食 特产坚果','口味','包装','','白牛皮纸包装 松子 巴西产',7,'',2863,2863,28934,'<p><a href=\"https://content.tmall.com/wow/pegasus/subject/1/725677994/3967040?id=3967040&&channel=chaoshi&wh_channel=chaoshi4&gccpm=5619776.815.2.subject-chaoshi-2004.709074&site=HD\" target=\"_blank\" style=\"margin: 0px; padding: 0px; text-decoration: none; color: rgb(51, 85, 170); outline: 0px; font-family: tahoma, arial, 宋体, sans-serif; font-size: 14px; white-space: normal; background-color: rgb(255, 255, 255);\"><img alt=\"\" src=\"/Public/Uploads/image/20161029/1477747593992446.jpg\" class=\"img-ks-lazyload\" style=\"margin: 0px; padding: 0px; border: 0px; animation: ks-fadeIn 350ms linear 0ms 1 normal both; opacity: 1; vertical-align: top;\"/><img alt=\"\" src=\"/Public/Uploads/image/20161029/1477747594914483.jpg\" class=\"img-ks-lazyload\" style=\"margin: 0px; padding: 0px; border: 0px; animation: ks-fadeIn 350ms linear 0ms 1 normal both; opacity: 1; vertical-align: top;\"/><img alt=\"\" src=\"/Public/Uploads/image/20161029/1477747596208593.jpg\" class=\"img-ks-lazyload\" style=\"margin: 0px; padding: 0px; border: 0px; animation: ks-fadeIn 350ms linear 0ms 1 normal both; opacity: 1; vertical-align: top;\"/><img alt=\"\" src=\"/Public/Uploads/image/20161029/1477747596736671.jpg\" class=\"img-ks-lazyload\" style=\"margin: 0px; padding: 0px; border: 0px; animation: ks-fadeIn 350ms linear 0ms 1 normal both; opacity: 1; vertical-align: top;\"/><img alt=\"\" src=\"/Public/Uploads/image/20161029/1477747596297224.jpg\" class=\"img-ks-lazyload\" style=\"margin: 0px; padding: 0px; border: 0px; animation: ks-fadeIn 350ms linear 0ms 1 normal both; opacity: 1; vertical-align: top;\"/><img alt=\"\" src=\"/Public/Uploads/image/20161029/1477747596220485.jpg\" class=\"img-ks-lazyload\" style=\"margin: 0px; padding: 0px; border: 0px; animation: ks-fadeIn 350ms linear 0ms 1 normal both; opacity: 1; vertical-align: top;\"/><img alt=\"\" src=\"/Public/Uploads/image/20161029/1477747597759030.jpg\" class=\"img-ks-lazyload\" style=\"margin: 0px; padding: 0px; border: 0px; animation: ks-fadeIn 350ms linear 0ms 1 normal both; opacity: 1; vertical-align: top;\"/><img alt=\"\" src=\"/Public/Uploads/image/20161029/1477747597265158.jpg\" class=\"img-ks-lazyload\" style=\"margin: 0px; padding: 0px; border: 0px; animation: ks-fadeIn 350ms linear 0ms 1 normal both; opacity: 1; vertical-align: top;\"/><img alt=\"\" src=\"/Public/Uploads/image/20161029/1477747598183954.jpg\" class=\"img-ks-lazyload\" style=\"margin: 0px; padding: 0px; border: 0px; animation: ks-fadeIn 350ms linear 0ms 1 normal both; opacity: 1; vertical-align: top;\"/><img alt=\"\" src=\"/Public/Uploads/image/20161029/1477747598689999.jpg\" class=\"img-ks-lazyload\" style=\"margin: 0px; padding: 0px; border: 0px; animation: ks-fadeIn 350ms linear 0ms 1 normal both; opacity: 1; vertical-align: top;\"/></a></p>','洽洽','巴西松子',1477747600),(32,'良品铺子猪肉脯小包装猪肉干零食小吃肉干肉脯猪肉铺蜜汁休闲食品','口味','肉类产品','','零食王国 狂欢趴 全场包邮 500款零食 1元起',9,'',162728,200000,669039,'<table><tbody style=\"margin: 0px; padding: 0px;\"><tr style=\"margin: 0px; padding: 0px;\" class=\"firstRow\"><td width=\"524\" style=\"margin: 0px; padding: 0px; border-color: rgb(0, 0, 0);\"><img src=\"https://img.alicdn.com/imgextra/i2/619123122/TB2oiWNsXXXXXXoXFXXXXXXXXXX-619123122.jpg\" align=\"absmiddle\" class=\"img-ks-lazyload\" style=\"margin: 0px; padding: 0px; border: 0px; vertical-align: top; animation: ks-fadeIn 350ms linear 0ms 1 normal both; opacity: 1; line-height: 1.5;\"/><img src=\"https://img.alicdn.com/imgextra/i3/619123122/TB2KLSLsXXXXXXMXFXXXXXXXXXX-619123122.jpg\" align=\"absmiddle\" class=\"img-ks-lazyload\" style=\"margin: 0px; padding: 0px; border: 0px; vertical-align: top; animation: ks-fadeIn 350ms linear 0ms 1 normal both; opacity: 1; line-height: 1.5;\"/><img src=\"https://img.alicdn.com/imgextra/i1/619123122/TB2MNDvsXXXXXbpXXXXXXXXXXXX-619123122.jpg\" align=\"absmiddle\" class=\"img-ks-lazyload\" style=\"margin: 0px; padding: 0px; border: 0px; vertical-align: top; animation: ks-fadeIn 350ms linear 0ms 1 normal both; opacity: 1; line-height: 1.5;\"/><img src=\"https://img.alicdn.com/imgextra/i2/619123122/TB2dkKTsXXXXXcOXpXXXXXXXXXX-619123122.jpg\" align=\"absmiddle\" class=\"img-ks-lazyload\" style=\"margin: 0px; padding: 0px; border: 0px; vertical-align: top; animation: ks-fadeIn 350ms linear 0ms 1 normal both; opacity: 1; line-height: 1.5;\"/><img src=\"https://img.alicdn.com/imgextra/i2/619123122/TB2IsvmsXXXXXcuXXXXXXXXXXXX-619123122.jpg\" align=\"absmiddle\" class=\"img-ks-lazyload\" style=\"margin: 0px; padding: 0px; border: 0px; vertical-align: top; animation: ks-fadeIn 350ms linear 0ms 1 normal both; opacity: 1; line-height: 1.5;\"/><img src=\"https://img.alicdn.com/imgextra/i4/619123122/TB2pzYXsXXXXXaXXpXXXXXXXXXX-619123122.jpg\" align=\"absmiddle\" class=\"img-ks-lazyload\" style=\"margin: 0px; padding: 0px; border: 0px; vertical-align: top; animation: ks-fadeIn 350ms linear 0ms 1 normal both; opacity: 1; line-height: 1.5;\"/><img src=\"https://img.alicdn.com/imgextra/i2/619123122/TB2iRfusXXXXXbmXXXXXXXXXXXX-619123122.jpg\" align=\"absmiddle\" class=\"img-ks-lazyload\" style=\"margin: 0px; padding: 0px; border: 0px; vertical-align: top; animation: ks-fadeIn 350ms linear 0ms 1 normal both; opacity: 1; line-height: 1.5;\"/><img src=\"https://img.alicdn.com/imgextra/i4/619123122/TB2.bLBsXXXXXaDXXXXXXXXXXXX-619123122.jpg\" align=\"absmiddle\" class=\"img-ks-lazyload\" style=\"margin: 0px; padding: 0px; border: 0px; vertical-align: top; animation: ks-fadeIn 350ms linear 0ms 1 normal both; opacity: 1; line-height: 1.5;\"/><img src=\"https://img.alicdn.com/imgextra/i2/619123122/TB2sM9MsXXXXXXAXFXXXXXXXXXX-619123122.jpg\" align=\"absmiddle\" class=\"img-ks-lazyload\" style=\"margin: 0px; padding: 0px; border: 0px; vertical-align: top; animation: ks-fadeIn 350ms linear 0ms 1 normal both; opacity: 1; line-height: 1.5;\"/><img src=\"https://img.alicdn.com/imgextra/i4/619123122/TB2PGe8sXXXXXa3XpXXXXXXXXXX-619123122.jpg\" align=\"absmiddle\" class=\"img-ks-lazyload\" style=\"margin: 0px; padding: 0px; border: 0px; vertical-align: top; animation: ks-fadeIn 350ms linear 0ms 1 normal both; opacity: 1; line-height: 1.5;\"/><img src=\"https://img.alicdn.com/imgextra/i3/619123122/TB2nBHasXXXXXalXpXXXXXXXXXX-619123122.jpg\" align=\"absmiddle\" class=\"img-ks-lazyload\" style=\"margin: 0px; padding: 0px; border: 0px; vertical-align: top; animation: ks-fadeIn 350ms linear 0ms 1 normal both; opacity: 1; line-height: 1.5;\"/><img src=\"https://img.alicdn.com/imgextra/i1/619123122/TB27cqNsXXXXXc.XpXXXXXXXXXX-619123122.jpg\" align=\"absmiddle\" class=\"img-ks-lazyload\" style=\"margin: 0px; padding: 0px; border: 0px; vertical-align: top; animation: ks-fadeIn 350ms linear 0ms 1 normal both; opacity: 1; line-height: 1.5;\"/></td></tr></tbody></table><p><br/></p>','良品铺子','零食小吃',1477793987),(33,'【三只松鼠_开口松子218g】零食坚果特产炒货东北松子奶油味','口味','包装','','三只松鼠 东北松子',8,'',3146,12000,35213,'<p><img alt=\"开口松子奶油PC_01.jpg\" src=\"https://img.alicdn.com/imgextra/i2/880734502/TB272I2nXXXXXbyXpXXXXXXXXXX-880734502.jpg\" class=\"img-ks-lazyload\" style=\"margin: 0px; padding: 0px; border: 0px; animation: ks-fadeIn 350ms linear 0ms 1 normal both; opacity: 1; vertical-align: top;\"/><img class=\"desc_anchor img-ks-lazyload\" id=\"desc-module-2\" src=\"https://assets.alicdn.com/kissy/1.0.0/build/imglazyload/spaceball.gif\" style=\"margin: 0px; padding: 0px; border: 0px; height: 1px; display: block; clear: both; animation: ks-fadeIn 350ms linear 0ms 1 normal both; opacity: 1; vertical-align: top;\"/><img alt=\"开口松子奶油PC_02.jpg\" src=\"https://img.alicdn.com/imgextra/i2/880734502/TB2JAw7nXXXXXaJXpXXXXXXXXXX-880734502.jpg\" class=\"img-ks-lazyload\" style=\"margin: 0px; padding: 0px; border: 0px; animation: ks-fadeIn 350ms linear 0ms 1 normal both; opacity: 1; vertical-align: top;\"/><img class=\"desc_anchor img-ks-lazyload\" id=\"desc-module-3\" src=\"https://assets.alicdn.com/kissy/1.0.0/build/imglazyload/spaceball.gif\" style=\"margin: 0px; padding: 0px; border: 0px; height: 1px; display: block; clear: both; animation: ks-fadeIn 350ms linear 0ms 1 normal both; opacity: 1; vertical-align: top;\"/><img src=\"https://img.alicdn.com/imgextra/i1/880734502/TB2fTRXnpXXXXXVXpXXXXXXXXXX-880734502.jpg\" class=\"img-ks-lazyload\" style=\"margin: 0px; padding: 0px; border: 0px; animation: ks-fadeIn 350ms linear 0ms 1 normal both; opacity: 1; vertical-align: top;\"/><img src=\"https://img.alicdn.com/imgextra/i2/880734502/TB2.rxonpXXXXbLXXXXXXXXXXXX-880734502.jpg\" class=\"img-ks-lazyload\" style=\"margin: 0px; padding: 0px; border: 0px; animation: ks-fadeIn 350ms linear 0ms 1 normal both; opacity: 1; vertical-align: top;\"/><img class=\"desc_anchor img-ks-lazyload\" id=\"desc-module-4\" src=\"https://assets.alicdn.com/kissy/1.0.0/build/imglazyload/spaceball.gif\" style=\"margin: 0px; padding: 0px; border: 0px; height: 1px; display: block; clear: both; animation: ks-fadeIn 350ms linear 0ms 1 normal both; opacity: 1; vertical-align: top;\"/><img src=\"https://img.alicdn.com/imgextra/i3/880734502/TB2jcxtnpXXXXaQXXXXXXXXXXXX-880734502.jpg\" class=\"img-ks-lazyload\" style=\"margin: 0px; padding: 0px; border: 0px; animation: ks-fadeIn 350ms linear 0ms 1 normal both; opacity: 1; vertical-align: top;\"/><img src=\"https://img.alicdn.com/imgextra/i3/880734502/TB24jIRnXXXXXXeXFXXXXXXXXXX-880734502.jpg\" class=\"img-ks-lazyload\" style=\"margin: 0px; padding: 0px; border: 0px; animation: ks-fadeIn 350ms linear 0ms 1 normal both; opacity: 1; vertical-align: top;\"/><img src=\"https://img.alicdn.com/imgextra/i4/880734502/TB2zAXjnpXXXXciXXXXXXXXXXXX-880734502.jpg\" class=\"img-ks-lazyload\" style=\"margin: 0px; padding: 0px; border: 0px; animation: ks-fadeIn 350ms linear 0ms 1 normal both; opacity: 1; vertical-align: top;\"/><img src=\"https://img.alicdn.com/imgextra/i3/880734502/TB2pXZ5nXXXXXbjXpXXXXXXXXXX-880734502.jpg\" class=\"img-ks-lazyload\" style=\"margin: 0px; padding: 0px; border: 0px; animation: ks-fadeIn 350ms linear 0ms 1 normal both; opacity: 1; vertical-align: top;\"/><img src=\"https://img.alicdn.com/imgextra/i1/880734502/TB2n8s6nXXXXXajXpXXXXXXXXXX-880734502.jpg\" class=\"img-ks-lazyload\" style=\"margin: 0px; padding: 0px; border: 0px; animation: ks-fadeIn 350ms linear 0ms 1 normal both; opacity: 1; vertical-align: top;\"/><img alt=\"62.jpg\" src=\"https://img.alicdn.com/imgextra/i1/880734502/TB2IPpJmXXXXXboXpXXXXXXXXXX-880734502.jpg\" class=\"img-ks-lazyload\" style=\"margin: 0px; padding: 0px; border: 0px; animation: ks-fadeIn 350ms linear 0ms 1 normal both; opacity: 1; vertical-align: top;\"/></p><p><span style=\"margin: 0px; padding: 0px;text-decoration:line-through;\"><strong style=\"margin: 0px; padding: 0px;\"></strong></span></p><p><span style=\"margin: 0px; padding: 0px;\"></span></p><p>&nbsp;</p><ul class=\"sx_content_sys clearfix list-paddingleft-2\" style=\"list-style-type: none;\"><li><p>&nbsp;</p></li><li><p>&nbsp;</p></li><li><p>&nbsp;</p></li><li><p>&nbsp;</p></li><li><p>&nbsp;</p></li></ul><p><span class=\"sx_left_sys sn-simple-logo sx_abs\" style=\"margin: 0px; padding: 0px; position: absolute; height: auto; width: auto; z-index: 90; left: 0px; top: 414px; cursor: pointer;\"><img src=\"https://gdp.alicdn.com/imgextra/i2/880734502/TB2_cXndFXXXXcfXXXXXXXXXXXX-880734502.png\" style=\"margin: 0px; padding: 0px; border: 0px; vertical-align: middle;\"/></span><span class=\"sx_right_sys sn-simple-logo sx_abs\" style=\"margin: 0px; padding: 0px; position: absolute; height: auto; width: auto; z-index: 90; left: 730px; top: 414px; cursor: pointer;\"><img src=\"https://gdp.alicdn.com/imgextra/i2/880734502/TB2slXcdFXXXXaAXpXXXXXXXXXX-880734502.png\" style=\"margin: 0px; padding: 0px; border: 0px; vertical-align: middle;\"/></span></p><p><img src=\"https://gdp.alicdn.com/imgextra/i3/880734502/TB2oqrYXzzB11BjSspaXXcJ0VXa-880734502.jpg\" style=\"margin: 0px; padding: 0px; border: 0px; vertical-align: middle;\"/></p><p><img src=\"https://gdp.alicdn.com/imgextra/i4/880734502/TB2Lz9phFXXXXbtXpXXXXXXXXXX-880734502.jpg\" style=\"margin: 0px; padding: 0px; border: 0px; vertical-align: middle;\"/></p><p><img src=\"https://gdp.alicdn.com/imgextra/i2/880734502/TB2hvYWXpYC11BjSspfXXXcPFXa-880734502.jpg\" style=\"margin: 0px; padding: 0px; border: 0px; vertical-align: middle;\"/></p><p><img src=\"https://gdp.alicdn.com/imgextra/i1/880734502/TB2JZjHeVXXXXcsXXXXXXXXXXXX-880734502.jpg\" style=\"margin: 0px; padding: 0px; border: 0px; vertical-align: middle;\"/></p><p></p><p><br/></p>','三只松鼠','开口松子',1477877262);
/*!40000 ALTER TABLE `think_goods` ENABLE KEYS */;
UNLOCK TABLES;

--
-- Table structure for table `think_goods_category`
--

DROP TABLE IF EXISTS `think_goods_category`;
/*!40101 SET @saved_cs_client     = @@character_set_client */;
/*!40101 SET character_set_client = utf8 */;
CREATE TABLE `think_goods_category` (
  `id` int(11) NOT NULL AUTO_INCREMENT COMMENT 'category_id',
  `category` varchar(16) COLLATE utf8_unicode_ci NOT NULL COMMENT '商品范畴',
  `description` varchar(200) COLLATE utf8_unicode_ci NOT NULL COMMENT '分类描述',
  PRIMARY KEY (`id`)
) ENGINE=MyISAM AUTO_INCREMENT=16 DEFAULT CHARSET=utf8 COLLATE=utf8_unicode_ci;
/*!40101 SET character_set_client = @saved_cs_client */;

--
-- Dumping data for table `think_goods_category`
--

LOCK TABLES `think_goods_category` WRITE;
/*!40000 ALTER TABLE `think_goods_category` DISABLE KEYS */;
INSERT INTO `think_goods_category` VALUES (1,'点心',''),(2,'蛋糕',''),(3,'饼干',''),(4,'膨化',''),(5,'素食',''),(6,'卤味',''),(7,'坚果',''),(8,'炒货',''),(9,'熟食',''),(10,'肉类',''),(11,'糖果','没啥可以描述的～～！'),(12,'蜜饯','你说 ~'),(13,'海味','你说 ~'),(14,'河鲜',''),(15,'巧克力','');
/*!40000 ALTER TABLE `think_goods_category` ENABLE KEYS */;
UNLOCK TABLES;

--
-- Table structure for table `think_goods_specify`
--

DROP TABLE IF EXISTS `think_goods_specify`;
/*!40101 SET @saved_cs_client     = @@character_set_client */;
/*!40101 SET character_set_client = utf8 */;
CREATE TABLE `think_goods_specify` (
  `id` int(11) unsigned NOT NULL AUTO_INCREMENT COMMENT '自增主键',
  `goods_id` int(11) DEFAULT NULL COMMENT '商品ID',
  `goods_sn` varchar(24) COLLATE utf8_unicode_ci NOT NULL COMMENT '此规格序列号',
  `goods_type` varchar(20) COLLATE utf8_unicode_ci NOT NULL COMMENT '商品规格',
  `goods_price` float(8,2) DEFAULT NULL COMMENT '原价钱',
  `goods_discount` float(8,2) DEFAULT NULL COMMENT '折扣价',
  `goods_num` int(10) DEFAULT NULL COMMENT '库存数量',
  PRIMARY KEY (`id`)
) ENGINE=MyISAM AUTO_INCREMENT=60 DEFAULT CHARSET=utf8 COLLATE=utf8_unicode_ci;
/*!40101 SET character_set_client = @saved_cs_client */;

--
-- Dumping data for table `think_goods_specify`
--

LOCK TABLES `think_goods_specify` WRITE;
/*!40000 ALTER TABLE `think_goods_specify` DISABLE KEYS */;
INSERT INTO `think_goods_specify` VALUES (1,19,'101','原味',100.00,1000.00,5000),(2,19,'102','奶油',99.00,999.00,4999),(3,20,'1010','大号',78.00,66.00,66660),(4,20,'1011','中号',76.00,55.00,77773),(5,20,'1012','小号',80.00,45.00,88883),(6,7,'1000001','原味',98.00,56.90,243),(7,7,'1000002','奶油',99.00,54.50,247),(8,7,'1000003','炭烧',100.00,60.50,244),(9,7,'1000004','咸香',96.00,57.50,244),(14,23,'200000101','黑色',6000.10,5800.00,199),(28,23,'200000102','黄色',5900.00,5888.00,120),(27,23,'200000103','金色',5777.00,5700.00,145),(25,23,'200000104','粉色',5666.00,5555.00,140),(29,23,'200000105','绿色',5700.00,5666.00,200),(37,27,'200000203','日剧',3000.00,2000.00,1000),(36,27,'200000202','英剧',4000.00,3000.00,899),(35,27,'200000201','美剧',5000.00,4000.00,791),(51,29,'200000301','巧克力味',18.50,14.90,901),(52,29,'200000302','香粒米脆味',18.90,15.30,604),(53,30,'200000401','奶香味',22.50,16.90,1430),(54,31,'200000501','原味',32.50,29.90,47),(55,32,'200000601','原味200g',35.00,19.90,155),(56,32,'200000602','香辣味200g',35.50,20.90,166),(57,32,'200000603','芝麻味200g',35.00,19.90,177),(58,32,'200000604','自然片200g',35.00,28.90,188),(59,33,'200000701','奶油味',62.00,25.90,349);
/*!40000 ALTER TABLE `think_goods_specify` ENABLE KEYS */;
UNLOCK TABLES;

--
-- Table structure for table `think_goods_type2`
--

DROP TABLE IF EXISTS `think_goods_type2`;
/*!40101 SET @saved_cs_client     = @@character_set_client */;
/*!40101 SET character_set_client = utf8 */;
CREATE TABLE `think_goods_type2` (
  `id` int(8) NOT NULL AUTO_INCREMENT COMMENT '自增主键',
  `goods_id` int(8) NOT NULL COMMENT '商品id',
  `type2_name` varchar(24) COLLATE utf8_unicode_ci NOT NULL COMMENT '规格类型2的子类',
  PRIMARY KEY (`id`)
) ENGINE=MyISAM AUTO_INCREMENT=38 DEFAULT CHARSET=utf8 COLLATE=utf8_unicode_ci;
/*!40101 SET character_set_client = @saved_cs_client */;

--
-- Dumping data for table `think_goods_type2`
--

LOCK TABLES `think_goods_type2` WRITE;
/*!40000 ALTER TABLE `think_goods_type2` DISABLE KEYS */;
INSERT INTO `think_goods_type2` VALUES (18,23,'6.0寸'),(6,7,'手袋单人份'),(8,7,'礼盒双人份'),(9,7,'全家福礼包'),(10,20,'单人'),(11,20,'双人'),(12,20,'全家桶'),(19,23,'5.5寸'),(20,23,'4.7寸'),(28,27,'悬疑'),(27,27,'爱情'),(30,27,'灾难'),(31,27,'战争'),(32,29,'直装'),(33,29,'袋装'),(34,30,'大陆装'),(35,31,'袋装'),(36,32,'猪肉脯'),(37,33,'袋装');
/*!40000 ALTER TABLE `think_goods_type2` ENABLE KEYS */;
UNLOCK TABLES;

--
-- Table structure for table `think_order`
--

DROP TABLE IF EXISTS `think_order`;
/*!40101 SET @saved_cs_client     = @@character_set_client */;
/*!40101 SET character_set_client = utf8 */;
CREATE TABLE `think_order` (
  `id` int(11) NOT NULL AUTO_INCREMENT COMMENT '自增主键',
  `order_id` varchar(20) COLLATE utf8_unicode_ci NOT NULL COMMENT '订单号',
  `user_id` int(11) NOT NULL COMMENT '用户id',
  `message` text COLLATE utf8_unicode_ci NOT NULL COMMENT '用户留言',
  `total_money` float(8,2) NOT NULL COMMENT '合计（含运费）',
  `express_style` varchar(12) COLLATE utf8_unicode_ci NOT NULL COMMENT '快递',
  `express_fee` float(8,2) NOT NULL COMMENT '快递费用',
  `receiver` varchar(12) COLLATE utf8_unicode_ci NOT NULL COMMENT '收件人',
  `phone` varchar(11) COLLATE utf8_unicode_ci NOT NULL COMMENT '联系电话',
  `province` varchar(12) COLLATE utf8_unicode_ci NOT NULL COMMENT '省份',
  `city` varchar(12) COLLATE utf8_unicode_ci NOT NULL COMMENT '城市',
  `district` varchar(12) COLLATE utf8_unicode_ci NOT NULL COMMENT '区域',
  `street` varchar(150) COLLATE utf8_unicode_ci NOT NULL COMMENT '详细地址',
  `status` int(2) NOT NULL COMMENT '订单状态(0待付款，1待发货，2待收货，3待评价，4已评价，5为完全退款成功，9为取消订单）',
  `remind_sent` int(1) NOT NULL COMMENT '是否提醒发货(0未提醒，1已提醒)',
  `addtime` int(11) NOT NULL COMMENT '生成时间',
  PRIMARY KEY (`id`),
  KEY `order_id` (`order_id`),
  KEY `order_id_2` (`order_id`),
  KEY `status` (`status`),
  KEY `status_2` (`status`)
) ENGINE=MyISAM AUTO_INCREMENT=72 DEFAULT CHARSET=utf8 COLLATE=utf8_unicode_ci;
/*!40101 SET character_set_client = @saved_cs_client */;

--
-- Dumping data for table `think_order`
--

LOCK TABLES `think_order` WRITE;
/*!40000 ALTER TABLE `think_order` DISABLE KEYS */;
INSERT INTO `think_order` VALUES (25,'147675667400041619',4,'又要留言，～要不是为了测试，我才不写留言呢～～！',10.00,'申通',10.00,'山治 ','13333333333','香港特别行政区','深水埗区','','暂时不知道在哪里~~!- -',5,0,1476756674),(24,'147675661700047651',4,'只是买个果子而已，不算什么的～～！～',152.00,'顺丰',20.00,'liujing ','2147483647','广东省','深圳市','南山区','大新xx街道xx坊xx号',1,1,1476756617),(28,'147677373800044612',4,'留言个球捏～！～',679.00,'顺丰',20.00,'penn','15818263192','广东省','东莞市','松山湖','大学路1号东莞理工学院7栋宿舍',2,0,1476773738),(23,'147675658400046624',4,'无留言～～～～～～～！！！！！！！！！我真的不知道写些什么好',12.00,'韵达',12.00,'皮城女警       ','13422222222','天津市','天津市市辖区','西青区','皮城戒备19区',5,0,1476756584),(22,'147675653100047323',4,'',265.00,'顺丰',20.00,'爱萝莉真是太好了 ','12345678901','福建省','福州市','鼓楼区','鸟不拉屎的地方～～～～',4,0,1476756531),(21,'147670340800040188',4,'忘记留言了～！～',110.00,'圆通',10.00,'penn','15818263192','广东省','东莞市','松山湖','大学路1号东莞理工学院7栋宿舍',3,0,1476703408),(29,'147677946000042462',4,'忘记设置支付方式了，下次补上吧～！',380.50,'韵达',12.00,'penn','15818263192','广东省','东莞市','松山湖','大学路1号东莞理工学院7栋宿舍',0,0,1476779460),(30,'147686834100044939',4,'又是留言，留，留，留～～～！',208.00,'圆通',10.00,'山治 ','13333333333','香港特别行政区','深水埗区','','暂时不知道在哪里~~!- -',1,0,1476868341),(31,'147723015800046984',4,'',64.50,'圆通',10.00,'penn','15818263192','广东省','东莞市','松山湖','大学路1号东莞理工学院7栋宿舍',4,0,1477230158),(32,'147727269300042380',4,'',4010.00,'圆通',10.00,'penn','15818263192','广东省','东莞市','松山湖','大学路1号东莞理工学院7栋宿舍',9,0,1477272693),(33,'147735985800041151',4,'abvdsadas',32133.80,'顺丰',20.00,'皮城女警        ','13422222222','上海市','上海市市辖区','静安区','皮城戒备19',1,0,1477359858),(34,'147740627500048160',4,'山治来买东西。。～！！！请快递大哥轻拿轻放～！- -！',3123.80,'圆通',10.00,'山治 ','13333333333','香港特别行政区','深水埗区','','暂时不知道在哪里~~!- -',4,0,1477406275),(35,'147748453300042521',4,'测试评论专用～～～～！～',72.50,'韵达',12.00,'liujing   ','12345678901','广东省','深圳市','南山区','大新xx街道xx坊xx号',4,0,1477484533),(36,'147748455400041710',4,'测试评论专用2',66.90,'申通',10.00,'penn','15818263192','广东省','东莞市','松山湖','大学路1号东莞理工学院7栋宿舍',4,0,1477484554),(37,'147748457200049176',4,'测试评论专用3',77.50,'顺丰',20.00,'爱萝莉真是太好了  ','12345678901','福建省','福州市','仓山区','鸟不拉屎的地方～～～～',4,0,1477484572),(38,'147748459100041043',4,'测试评论专用4',80.50,'顺丰',20.00,'皮城女警        ','13422222222','上海市','上海市市辖区','静安区','皮城戒备19区',4,0,1477484591),(39,'147755080800048285',4,'评论测试5',70.50,'圆通',10.00,'penn','15818263192','广东省','东莞市','松山湖','大学路1号东莞理工学院7栋宿舍',4,0,1477550808),(40,'147755303000041931',4,'',67.50,'圆通',10.00,'penn','15818263192','广东省','东莞市','松山湖','大学路1号东莞理工学院7栋宿舍',0,0,1477553030),(69,'147790681800054693',5,'',64.50,'圆通',10.00,'','','','','','',9,0,1477906818),(70,'147790690100050942',5,'',70.50,'圆通',10.00,'penn','11111111111','北京市','北京市市辖区','东城区','大厦按时 ',4,0,1477906901),(71,'147815816200048276',4,'掌柜记得要发对货呢，不然到时退换货就麻烦了～～！',150.70,'顺丰',20.00,'爱萝莉真是太好了  ','12345678901','福建省','福州市','仓山区','鸟不拉屎的地方～～～～',1,1,1478158162);
/*!40000 ALTER TABLE `think_order` ENABLE KEYS */;
UNLOCK TABLES;

--
-- Table structure for table `think_order_detail`
--

DROP TABLE IF EXISTS `think_order_detail`;
/*!40101 SET @saved_cs_client     = @@character_set_client */;
/*!40101 SET character_set_client = utf8 */;
CREATE TABLE `think_order_detail` (
  `id` int(11) NOT NULL AUTO_INCREMENT COMMENT '自增主键',
  `order_id` varchar(20) COLLATE utf8_unicode_ci NOT NULL COMMENT '订单号',
  `goods_id` int(16) NOT NULL COMMENT '商品id',
  `goods_sn` varchar(20) COLLATE utf8_unicode_ci NOT NULL COMMENT '商品序列号',
  `goods_name` varchar(50) COLLATE utf8_unicode_ci NOT NULL COMMENT '商品名称',
  `goods_type1` varchar(20) COLLATE utf8_unicode_ci NOT NULL COMMENT '规格1名称',
  `goods_type` varchar(10) COLLATE utf8_unicode_ci NOT NULL COMMENT '商品规格（口味、尺寸、颜色等）',
  `goods_type2` varchar(20) COLLATE utf8_unicode_ci NOT NULL COMMENT '规格2名称',
  `goods_package` varchar(10) COLLATE utf8_unicode_ci NOT NULL COMMENT '包装',
  `goods_price` float(8,2) NOT NULL COMMENT '单价',
  `goods_num` varchar(8) COLLATE utf8_unicode_ci NOT NULL COMMENT '购买数量',
  `goods_thumb` varchar(200) COLLATE utf8_unicode_ci NOT NULL COMMENT '缩略图地址',
  `status` int(2) NOT NULL COMMENT '退款状态(0为正常，1为等待商家退款，2为退款成功)',
  `addtime` int(11) NOT NULL COMMENT '生成时间',
  PRIMARY KEY (`id`),
  KEY `order_id` (`order_id`),
  KEY `goods_id` (`goods_id`),
  KEY `goods_sn` (`goods_sn`)
) ENGINE=MyISAM AUTO_INCREMENT=39 DEFAULT CHARSET=utf8 COLLATE=utf8_unicode_ci;
/*!40101 SET character_set_client = @saved_cs_client */;

--
-- Dumping data for table `think_order_detail`
--

LOCK TABLES `think_order_detail` WRITE;
/*!40000 ALTER TABLE `think_order_detail` DISABLE KEYS */;
INSERT INTO `think_order_detail` VALUES (9,'147670340800040188',20,'1012','测试006','尺寸','小号','包装','双人',45.00,'1','/Public/Uploads/goods/sn1012/001_mid.jpg',0,1476703408),(10,'147675653100047323',20,'1011','测试006','尺寸','中号','包装','全家桶',55.00,'2','/Public/Uploads/goods/sn1011/001_mid.jpg',0,1476756531),(8,'147670340800040188',20,'1011','测试006','尺寸','中号','包装','全家桶',55.00,'1','/Public/Uploads/goods/sn1011/001_mid.jpg',0,1476703408),(11,'147675653100047323',20,'1012','测试006','尺寸','小号','包装','双人',45.00,'3','/Public/Uploads/goods/sn1012/001_mid.jpg',0,1476756531),(12,'147675658400046624',7,'1000003','良品铺子 手剥松子218g 坚果炒货 巴西松子','口味','炭烧','包装','全家福礼包',60.50,'4','/Public/Uploads/goods/sn1000003/01_mid.jpg',2,1476756584),(13,'147675658400046624',20,'1011','测试006','尺寸','中号','包装','单人',55.00,'1','/Public/Uploads/goods/sn1011/001_mid.jpg',2,1476756584),(14,'147675661700047651',20,'1010','测试006','尺寸','大号','包装','单人',66.00,'2','/Public/Uploads/goods/sn1010/001_mid.jpg',0,1476756617),(15,'147675667400041619',7,'1000003','良品铺子 手剥松子218g 坚果炒货 巴西松子','口味','炭烧','包装','礼盒双人份',60.50,'10','/Public/Uploads/goods/sn1000003/01_mid.jpg',2,1476756674),(16,'147675667400041619',7,'1000002','良品铺子 手剥松子218g 坚果炒货 巴西松子','口味','奶油','包装','手袋单人份',54.50,'4','/Public/Uploads/goods/sn1000002/01_mid.jpg',2,1476756674),(17,'147677373800044612',20,'1011','测试006','尺寸','中号','包装','全家桶',55.00,'10','/Public/Uploads/goods/sn1011/001_mid.jpg',0,1476773738),(18,'147677373800044612',7,'1000002','良品铺子 手剥松子218g 坚果炒货 巴西松子','口味','奶油','包装','全家福礼包',54.50,'2','/Public/Uploads/goods/sn1000002/01_mid.jpg',0,1476773738),(19,'147677946000042462',7,'1000003','良品铺子 手剥松子218g 坚果炒货 巴西松子','口味','炭烧','包装','手袋单人份',60.50,'5','/Public/Uploads/goods/sn1000003/01_mid.jpg',0,1476779460),(20,'147677946000042462',20,'1010','测试006','尺寸','大号','包装','单人',66.00,'1','/Public/Uploads/goods/sn1010/001_mid.jpg',0,1476779460),(21,'147686834100044939',20,'1010','测试006','尺寸','大号','包装','单人',66.00,'3','/Public/Uploads/goods/sn1010/001_mid.jpg',0,1476868341),(22,'147723015800046984',7,'1000002','良品铺子 手剥松子218g 坚果炒货 巴西松子','口味','奶油','包装','手袋单人份',54.50,'1','/Public/Uploads/goods/sn1000002/01_mid.jpg',0,1477230158),(23,'147727269300042380',27,'200000201','字幕组','剧种','美剧','剧型','悬疑',4000.00,'1','/Public/Uploads/goods/sn200000201/West world_mid.jpg',0,1477272693),(24,'147735985800041151',7,'1000001','良品铺子 手剥松子218g 坚果炒货 巴西松子','口味','原味','包装','手袋单人份',56.90,'2','/Public/Uploads/goods/sn1000001/01_mid.jpg',1,1477359858),(25,'147735985800041151',27,'200000201','字幕组','剧种','美剧','剧型','爱情',4000.00,'8','/Public/Uploads/goods/sn200000201/West world_mid.jpg',0,1477359858),(26,'147740627500048160',7,'1000001','良品铺子 手剥松子218g 坚果炒货 巴西松子','口味','原味','包装','手袋单人份',56.90,'2','/Public/Uploads/goods/sn1000001/01_mid.jpg',0,1477406276),(27,'147740627500048160',27,'200000202','字幕组','剧种','英剧','剧型','爱情',3000.00,'1','/Public/Uploads/goods/sn200000202/1_mid.jpg',0,1477406276),(28,'147748453300042521',7,'1000003','良品铺子 手剥松子218g 坚果炒货 巴西松子','口味','炭烧','包装','手袋单人份',60.50,'1','/Public/Uploads/goods/sn1000003/01_mid.jpg',0,1477484533),(29,'147748455400041710',7,'1000001','良品铺子 手剥松子218g 坚果炒货 巴西松子','口味','原味','包装','手袋单人份',56.90,'1','/Public/Uploads/goods/sn1000001/01_mid.jpg',0,1477484554),(30,'147748457200049176',7,'1000004','良品铺子 手剥松子218g 坚果炒货 巴西松子','口味','咸香','包装','手袋单人份',57.50,'1','/Public/Uploads/goods/sn1000004/01_mid.jpg',0,1477484572),(31,'147748459100041043',7,'1000003','良品铺子 手剥松子218g 坚果炒货 巴西松子','口味','炭烧','包装','礼盒双人份',60.50,'1','/Public/Uploads/goods/sn1000003/01_mid.jpg',0,1477484591),(32,'147755080800048285',7,'1000003','良品铺子 手剥松子218g 坚果炒货 巴西松子','口味','炭烧','包装','手袋单人份',60.50,'1','/Public/Uploads/goods/sn1000003/01_mid.jpg',0,1477550808),(33,'147755303000041931',7,'1000004','良品铺子 手剥松子218g 坚果炒货 巴西松子','口味','咸香','包装','手袋单人份',57.50,'1','/Public/Uploads/goods/sn1000004/01_mid.jpg',0,1477553030),(34,'147790681800054693',7,'1000002','良品铺子 手剥松子218g 坚果炒货 巴西松子','口味','奶油','包装','礼盒双人份',54.50,'1','/Public/Uploads/goods/sn1000002/01_mid.jpg',0,1477906818),(35,'147790690100050942',7,'1000003','良品铺子 手剥松子218g 坚果炒货 巴西松子','口味','炭烧','包装','手袋单人份',60.50,'1','/Public/Uploads/goods/sn1000003/01_mid.jpg',0,1477906901),(36,'147815816200048276',7,'1000001','良品铺子 手剥松子218g 坚果炒货 巴西松子','口味','原味','包装','手袋单人份',56.90,'2','/Public/Uploads/goods/sn1000001/01_mid.jpg',0,1478158162),(37,'147815816200048276',29,'200000302','亿滋 趣多多曲奇饼干缤纷逗巧克力味255g 家庭装','口味','香粒米脆味','包装','袋装',15.30,'1','/Public/Uploads/goods/sn200000302/TB1B5lrHFXXXXXxXXXXXXXXXXXX_!!0-item_pic_mid.jpg',2,1478158162),(38,'147815816200048276',30,'200000401','良品铺子碧根果奶香味190g坚果零食 干果炒货 山核桃','口味','奶香味','包装','大陆装',16.90,'1','/Public/Uploads/goods/sn200000401/TB1iAw9KFXXXXaDXVXXXXXXXXXX_!!0-item_pic_mid.jpg',0,1478158162);
/*!40000 ALTER TABLE `think_order_detail` ENABLE KEYS */;
UNLOCK TABLES;

--
-- Table structure for table `think_person_comment`
--

DROP TABLE IF EXISTS `think_person_comment`;
/*!40101 SET @saved_cs_client     = @@character_set_client */;
/*!40101 SET character_set_client = utf8 */;
CREATE TABLE `think_person_comment` (
  `id` int(8) unsigned NOT NULL AUTO_INCREMENT COMMENT '自增主键',
  `user_id` int(8) NOT NULL COMMENT '用户id',
  `goods_id` int(8) NOT NULL COMMENT '商品id',
  `goods_name` varchar(128) COLLATE utf8_unicode_ci NOT NULL COMMENT '商品名称',
  `goods_thumb` varchar(200) COLLATE utf8_unicode_ci NOT NULL COMMENT '商品缩略图',
  `goods_sn` varchar(20) COLLATE utf8_unicode_ci NOT NULL COMMENT '商品序列号',
  `goods_type1` varchar(8) COLLATE utf8_unicode_ci NOT NULL COMMENT '规格1名称',
  `type1_name` varchar(20) COLLATE utf8_unicode_ci NOT NULL COMMENT '规格1子类名',
  `goods_type2` varchar(8) COLLATE utf8_unicode_ci NOT NULL COMMENT '规格2名称',
  `type2_name` varchar(20) COLLATE utf8_unicode_ci NOT NULL COMMENT '规格2子类名',
  `comment_type` varchar(8) COLLATE utf8_unicode_ci NOT NULL COMMENT '评价好坏',
  `comment` text COLLATE utf8_unicode_ci NOT NULL COMMENT '评价内容',
  `picture` text COLLATE utf8_unicode_ci NOT NULL COMMENT '商品评价图片',
  `order_id` varchar(32) COLLATE utf8_unicode_ci NOT NULL COMMENT '订单号',
  `addtime` int(11) NOT NULL COMMENT '评价时间',
  PRIMARY KEY (`id`)
) ENGINE=MyISAM AUTO_INCREMENT=18 DEFAULT CHARSET=utf8 COLLATE=utf8_unicode_ci;
/*!40101 SET character_set_client = @saved_cs_client */;

--
-- Dumping data for table `think_person_comment`
--

LOCK TABLES `think_person_comment` WRITE;
/*!40000 ALTER TABLE `think_person_comment` DISABLE KEYS */;
INSERT INTO `think_person_comment` VALUES (8,4,27,'字幕组','/Public/Uploads/goods/sn200000202/1_mid.jpg','200000202','剧种','英剧','剧型','爱情','好评','给个好评呗，英剧也是蛮好看的～～！','N;','147740627500048160',1477406848),(9,4,7,'良品铺子 手剥松子218g 坚果炒货 巴西松子','/Public/Uploads/goods/sn1000002/01_mid.jpg','1000002','口味','奶油','包装','手袋单人份','好评','不管那么多，先评价试试！。','N;','147723015800046984',1477409146),(7,4,7,'良品铺子 手剥松子218g 坚果炒货 巴西松子','/Public/Uploads/goods/sn1000001/01_mid.jpg','1000001','口味','原味','包装','手袋单人份','差评','实在不要太难吃了~~','N;','147740627500048160',1477406848),(6,4,20,'测试006','/Public/Uploads/goods/sn1012/001_mid.jpg','1012','尺寸','小号','包装','双人','中评','难吃啊～～～～～～～～～！！','a:1:{i:0;s:91:\"/Public/Uploads/comment/person/user_id4/order_id147675653100047323/sn1012/580f540654201.jpg\";}','147675653100047323',1477399559),(5,4,20,'测试006','/Public/Uploads/goods/sn1011/001_mid.jpg','1011','尺寸','中号','包装','全家桶','好评','这个口味不错～～！这个口味不错～～！这个口味不错～～！这个口味不错～～！这个口味不错～～！这个口味不错～～！','a:2:{i:0;s:91:\"/Public/Uploads/comment/person/user_id4/order_id147675653100047323/sn1011/580f53f7adab2.jpg\";i:1;s:91:\"/Public/Uploads/comment/person/user_id4/order_id147675653100047323/sn1011/580f53f98e0ec.jpg\";}','147675653100047323',1477399559),(10,4,7,'良品铺子 手剥松子218g 坚果炒货 巴西松子','/Public/Uploads/goods/sn1000003/01_mid.jpg','1000003','口味','炭烧','包装','手袋单人份','差评','真难吃～～！！～～！','a:1:{i:0;s:94:\"/Public/Uploads/comment/person/user_id4/order_id147748453300042521/sn1000003/5810a08bca71e.jpg\";}','147748453300042521',1477484688),(11,4,7,'良品铺子 手剥松子218g 坚果炒货 巴西松子','/Public/Uploads/goods/sn1000001/01_mid.jpg','1000001','口味','原味','包装','手袋单人份','中评','一般般～～！！～','N;','147748455400041710',1477484716),(12,4,7,'良品铺子 手剥松子218g 坚果炒货 巴西松子','/Public/Uploads/goods/sn1000004/01_mid.jpg','1000004','口味','咸香','包装','手袋单人份','好评','真是太好吃啦～～！@下次再来买～～！！！！！！！！！！～','a:1:{i:0;s:94:\"/Public/Uploads/comment/person/user_id4/order_id147748457200049176/sn1000004/5810a0c815f27.jpg\";}','147748457200049176',1477484745),(13,4,7,'良品铺子 手剥松子218g 坚果炒货 巴西松子','/Public/Uploads/goods/sn1000003/01_mid.jpg','1000003','口味','炭烧','包装','礼盒双人份','好评','没吃过，先评论试试～～！','N;','147748459100041043',1477484778),(14,4,7,'良品铺子 手剥松子218g 坚果炒货 巴西松子','/Public/Uploads/goods/sn1000003/01_mid.jpg','1000003','口味','炭烧','包装','手袋单人份','好评','给个好评试试看～太好吃～～太好吃～～太好吃～～太好吃～～太好吃～～太好吃～～太好吃～～太好吃～～太好吃～～太好吃～～太好吃～～太好吃～～太好吃～～太好吃～～太好吃～～太好吃～～太好吃～～太好吃～～太好吃～～太好吃～～太好吃～～太好吃～～太好吃～～太好吃～～','a:5:{i:0;s:94:\"/Public/Uploads/comment/person/user_id4/order_id147755080800048285/sn1000003/5811a33169858.jpg\";i:1;s:94:\"/Public/Uploads/comment/person/user_id4/order_id147755080800048285/sn1000003/5811a3332d312.jpg\";i:2;s:94:\"/Public/Uploads/comment/person/user_id4/order_id147755080800048285/sn1000003/5811a334cc095.jpg\";i:3;s:94:\"/Public/Uploads/comment/person/user_id4/order_id147755080800048285/sn1000003/5811a337368d5.jpg\";i:4;s:94:\"/Public/Uploads/comment/person/user_id4/order_id147755080800048285/sn1000003/5811a33f24098.jpg\";}','147755080800048285',1477550912),(17,5,7,'良品铺子 手剥松子218g 坚果炒货 巴西松子','/Public/Uploads/goods/sn1000003/01_mid.jpg','1000003','口味','炭烧','包装','手袋单人份','好评','尝试一波`～～～！～～','a:2:{i:0;s:94:\"/Public/Uploads/comment/person/user_id5/order_id147790690100050942/sn1000003/581b27f52a99c.jpg\";i:1;s:94:\"/Public/Uploads/comment/person/user_id5/order_id147790690100050942/sn1000003/581b27f6ef59b.jpg\";}','147790690100050942',1478174711);
/*!40000 ALTER TABLE `think_person_comment` ENABLE KEYS */;
UNLOCK TABLES;

--
-- Table structure for table `think_question`
--

DROP TABLE IF EXISTS `think_question`;
/*!40101 SET @saved_cs_client     = @@character_set_client */;
/*!40101 SET character_set_client = utf8 */;
CREATE TABLE `think_question` (
  `id` int(11) unsigned NOT NULL AUTO_INCREMENT COMMENT '自增主键',
  `user_id` int(11) NOT NULL COMMENT '账户ID',
  `answer_1` varchar(128) COLLATE utf8_unicode_ci NOT NULL COMMENT '问题1答案',
  `question_1` varchar(128) COLLATE utf8_unicode_ci NOT NULL COMMENT '问题1',
  `answer_2` varchar(128) COLLATE utf8_unicode_ci NOT NULL COMMENT '问题2答案',
  `question_2` varchar(128) COLLATE utf8_unicode_ci NOT NULL COMMENT '问题2',
  `addtime` int(13) NOT NULL COMMENT '添加时间',
  PRIMARY KEY (`id`),
  KEY `user_id` (`user_id`)
) ENGINE=MyISAM AUTO_INCREMENT=22 DEFAULT CHARSET=utf8 COLLATE=utf8_unicode_ci;
/*!40101 SET character_set_client = @saved_cs_client */;

--
-- Dumping data for table `think_question`
--

LOCK TABLES `think_question` WRITE;
/*!40000 ALTER TABLE `think_question` DISABLE KEYS */;
INSERT INTO `think_question` VALUES (21,4,'梅州','您的故乡在哪里？','蓝色','您最喜欢的颜色是什么？',1475135509);
/*!40000 ALTER TABLE `think_question` ENABLE KEYS */;
UNLOCK TABLES;

--
-- Table structure for table `think_refund`
--

DROP TABLE IF EXISTS `think_refund`;
/*!40101 SET @saved_cs_client     = @@character_set_client */;
/*!40101 SET character_set_client = utf8 */;
CREATE TABLE `think_refund` (
  `id` int(8) NOT NULL AUTO_INCREMENT COMMENT '自增主键',
  `user_id` int(8) NOT NULL COMMENT '用户id',
  `order_id` varchar(24) COLLATE utf8_unicode_ci NOT NULL COMMENT '订单号',
  `goods_sn` varchar(24) COLLATE utf8_unicode_ci NOT NULL COMMENT '货号',
  `refund_type` varchar(16) COLLATE utf8_unicode_ci NOT NULL COMMENT '退款类型',
  `refund_reason` varchar(32) COLLATE utf8_unicode_ci NOT NULL COMMENT '退款原因',
  `refund_money` float(8,2) NOT NULL COMMENT '退款金额',
  `refund_info` text COLLATE utf8_unicode_ci NOT NULL COMMENT '退款说明',
  `path` text COLLATE utf8_unicode_ci NOT NULL COMMENT '退款凭证',
  `status` int(2) NOT NULL COMMENT '退款状态(0为正常，1为等待商家退款，2为退款成功)',
  `addtime` int(11) NOT NULL COMMENT '退款申请时间',
  PRIMARY KEY (`id`),
  KEY `user_id` (`user_id`),
  KEY `order_id` (`order_id`),
  KEY `user_id_2` (`user_id`),
  KEY `order_id_2` (`order_id`)
) ENGINE=MyISAM AUTO_INCREMENT=12 DEFAULT CHARSET=utf8 COLLATE=utf8_unicode_ci;
/*!40101 SET character_set_client = @saved_cs_client */;

--
-- Dumping data for table `think_refund`
--

LOCK TABLES `think_refund` WRITE;
/*!40000 ALTER TABLE `think_refund` DISABLE KEYS */;
INSERT INTO `think_refund` VALUES (1,4,'147735985800041151','1000001','仅退款','买错了',113.80,'一不小心点错了，现在想退款～～！！～','a:3:{i:0;s:86:\"/Public/Uploads/refund/user_id4/order_id147735985800041151/sn1000001/58105e608836e.jpg\";i:1;s:86:\"/Public/Uploads/refund/user_id4/order_id147735985800041151/sn1000001/58105e6244160.jpg\";i:2;s:86:\"/Public/Uploads/refund/user_id4/order_id147735985800041151/sn1000001/58105e6406d80.jpg\";}',1,1477467748),(4,4,'147675658400046624','1000003','退款/退货','不想要了',242.00,'不想要了。我想退款～～！谢谢～','a:2:{i:0;s:86:\"/Public/Uploads/refund/user_id4/order_id147675658400046624/sn1000003/581998e32a32e.jpg\";i:1;s:86:\"/Public/Uploads/refund/user_id4/order_id147675658400046624/sn1000003/581998e5b31c3.jpg\";}',2,1478072550),(5,4,'147675658400046624','1011','退款/退货','不想要了',55.00,'不想要了。我想退款～～！谢谢～','a:1:{i:0;s:83:\"/Public/Uploads/refund/user_id4/order_id147675658400046624/sn1011/581998f6a9632.jpg\";}',2,1478072567),(6,4,'147675667400041619','1000002','仅退款','与说明不符',218.00,'严重偏离说明，欺骗消费者～～！','a:1:{i:0;s:86:\"/Public/Uploads/refund/user_id4/order_id147675667400041619/sn1000002/5819aed847337.jpg\";}',2,1478078170),(7,4,'147675667400041619','1000003','仅退款','买错了',605.00,'买错啦，买错啦`～～！！～～','a:3:{i:0;s:86:\"/Public/Uploads/refund/user_id4/order_id147675667400041619/sn1000003/581ae3a43e264.jpg\";i:1;s:86:\"/Public/Uploads/refund/user_id4/order_id147675667400041619/sn1000003/581ae3a61f7f0.jpg\";i:2;s:86:\"/Public/Uploads/refund/user_id4/order_id147675667400041619/sn1000003/581ae3afc63ef.gif\";}',2,1478157234),(8,4,'147815816200048276','200000302','仅退款','不想要了',15.30,'后悔啦，不想买了～～！！～','N;',0,1478158254),(9,4,'147815816200048276','200000401','仅退款','买错了',16.90,'手快点错了额～～！～～','a:1:{i:0;s:88:\"/Public/Uploads/refund/user_id4/order_id147815816200048276/sn200000401/581ae7c243800.jpg\";}',0,1478158275),(10,4,'147815816200048276','200000302','仅退款','未选择原因',15.30,'后悔啦，不想买了～～！！～','N;',2,1478160908),(11,4,'147815816200048276','1000001','仅退款','买错了',113.80,'真的买错了～～！！','N;',0,1478160926);
/*!40000 ALTER TABLE `think_refund` ENABLE KEYS */;
UNLOCK TABLES;

--
-- Table structure for table `think_shopcart`
--

DROP TABLE IF EXISTS `think_shopcart`;
/*!40101 SET @saved_cs_client     = @@character_set_client */;
/*!40101 SET character_set_client = utf8 */;
CREATE TABLE `think_shopcart` (
  `cart_id` int(11) unsigned NOT NULL AUTO_INCREMENT COMMENT '购物车商品主键',
  `user_id` int(8) DEFAULT NULL COMMENT '用户ID',
  `goods_id` int(11) NOT NULL COMMENT '商品ID',
  `goods_name` varchar(128) COLLATE utf8_unicode_ci NOT NULL COMMENT '商品名称',
  `goods_sn` varchar(20) COLLATE utf8_unicode_ci NOT NULL COMMENT '商品序列号',
  `goods_type1` varchar(20) COLLATE utf8_unicode_ci NOT NULL COMMENT '规格1名称',
  `goods_type` varchar(20) COLLATE utf8_unicode_ci NOT NULL COMMENT '商品规格',
  `goods_type2` varchar(20) COLLATE utf8_unicode_ci NOT NULL COMMENT '规格2名称',
  `goods_package` varchar(20) COLLATE utf8_unicode_ci NOT NULL COMMENT '商品包装',
  `goods_num` int(8) NOT NULL COMMENT '此规格数量',
  `goods_cost` float(8,2) NOT NULL COMMENT '单件费用',
  `is_order` int(1) NOT NULL COMMENT '是否在订单(0否,1是)',
  `addtime` int(11) NOT NULL COMMENT '添加时间',
  PRIMARY KEY (`cart_id`),
  KEY `goods_cost` (`goods_cost`),
  KEY `user_id` (`user_id`),
  KEY `cart_id` (`cart_id`),
  KEY `user_id_2` (`user_id`)
) ENGINE=MyISAM AUTO_INCREMENT=149 DEFAULT CHARSET=utf8 COLLATE=utf8_unicode_ci;
/*!40101 SET character_set_client = @saved_cs_client */;

--
-- Dumping data for table `think_shopcart`
--

LOCK TABLES `think_shopcart` WRITE;
/*!40000 ALTER TABLE `think_shopcart` DISABLE KEYS */;
/*!40000 ALTER TABLE `think_shopcart` ENABLE KEYS */;
UNLOCK TABLES;

--
-- Table structure for table `think_temporary_order`
--

DROP TABLE IF EXISTS `think_temporary_order`;
/*!40101 SET @saved_cs_client     = @@character_set_client */;
/*!40101 SET character_set_client = utf8 */;
CREATE TABLE `think_temporary_order` (
  `id` int(8) unsigned NOT NULL AUTO_INCREMENT COMMENT '临时订单id',
  `user_id` int(8) NOT NULL COMMENT '用户id',
  `cart_id` int(8) NOT NULL COMMENT '购物车商品id',
  `addtime` int(11) NOT NULL COMMENT '生成时间',
  PRIMARY KEY (`id`)
) ENGINE=MyISAM AUTO_INCREMENT=163 DEFAULT CHARSET=utf8 COLLATE=utf8_unicode_ci;
/*!40101 SET character_set_client = @saved_cs_client */;

--
-- Dumping data for table `think_temporary_order`
--

LOCK TABLES `think_temporary_order` WRITE;
/*!40000 ALTER TABLE `think_temporary_order` DISABLE KEYS */;
INSERT INTO `think_temporary_order` VALUES (162,5,148,1478185741);
/*!40000 ALTER TABLE `think_temporary_order` ENABLE KEYS */;
UNLOCK TABLES;

--
-- Table structure for table `think_thumb`
--

DROP TABLE IF EXISTS `think_thumb`;
/*!40101 SET @saved_cs_client     = @@character_set_client */;
/*!40101 SET character_set_client = utf8 */;
CREATE TABLE `think_thumb` (
  `id` int(11) unsigned NOT NULL AUTO_INCREMENT COMMENT '缩略图相册id',
  `goods_name` varchar(50) COLLATE utf8_unicode_ci NOT NULL COMMENT '商品名称',
  `big` text COLLATE utf8_unicode_ci NOT NULL COMMENT '大图(800*800)',
  `mid` text COLLATE utf8_unicode_ci NOT NULL COMMENT '中图(350*350)',
  `small` text COLLATE utf8_unicode_ci NOT NULL COMMENT '小图(60*60)',
  `goods_sn` int(20) NOT NULL COMMENT '商品序列号',
  `goods_id` int(11) NOT NULL COMMENT '商品id',
  `addtime` int(13) NOT NULL COMMENT '相册添加时间',
  PRIMARY KEY (`id`)
) ENGINE=InnoDB AUTO_INCREMENT=27 DEFAULT CHARSET=utf8 COLLATE=utf8_unicode_ci;
/*!40101 SET character_set_client = @saved_cs_client */;

--
-- Dumping data for table `think_thumb`
--

LOCK TABLES `think_thumb` WRITE;
/*!40000 ALTER TABLE `think_thumb` DISABLE KEYS */;
INSERT INTO `think_thumb` VALUES (3,'良品铺子 手剥松子218g 坚果炒货 巴西松子','a:3:{i:0;s:42:\"/Public/Uploads/goods/sn1000001/01_big.jpg\";i:1;s:42:\"/Public/Uploads/goods/sn1000001/02_big.jpg\";i:2;s:42:\"/Public/Uploads/goods/sn1000001/03_big.jpg\";}','a:3:{i:0;s:42:\"/Public/Uploads/goods/sn1000001/01_mid.jpg\";i:1;s:42:\"/Public/Uploads/goods/sn1000001/02_mid.jpg\";i:2;s:42:\"/Public/Uploads/goods/sn1000001/03_mid.jpg\";}','a:3:{i:0;s:44:\"/Public/Uploads/goods/sn1000001/01_small.jpg\";i:1;s:44:\"/Public/Uploads/goods/sn1000001/02_small.jpg\";i:2;s:44:\"/Public/Uploads/goods/sn1000001/03_small.jpg\";}',1000001,7,1475633329),(8,'三只松鼠 炭烧腰果185g坚果零食特产干果碳烧腰果仁','a:3:{i:0;s:43:\"/Public/Uploads/goods/sn1000011/001_big.jpg\";i:1;s:43:\"/Public/Uploads/goods/sn1000011/002_big.jpg\";i:2;s:43:\"/Public/Uploads/goods/sn1000011/003_big.jpg\";}','a:3:{i:0;s:43:\"/Public/Uploads/goods/sn1000011/001_mid.jpg\";i:1;s:43:\"/Public/Uploads/goods/sn1000011/002_mid.jpg\";i:2;s:43:\"/Public/Uploads/goods/sn1000011/003_mid.jpg\";}','a:3:{i:0;s:45:\"/Public/Uploads/goods/sn1000011/001_small.jpg\";i:1;s:45:\"/Public/Uploads/goods/sn1000011/002_small.jpg\";i:2;s:45:\"/Public/Uploads/goods/sn1000011/003_small.jpg\";}',1000011,8,1475672758),(10,'良品铺子 手剥松子218g 坚果炒货 巴西松子','a:3:{i:0;s:42:\"/Public/Uploads/goods/sn1000002/01_big.jpg\";i:1;s:42:\"/Public/Uploads/goods/sn1000002/02_big.jpg\";i:2;s:42:\"/Public/Uploads/goods/sn1000002/03_big.jpg\";}','a:3:{i:0;s:42:\"/Public/Uploads/goods/sn1000002/01_mid.jpg\";i:1;s:42:\"/Public/Uploads/goods/sn1000002/02_mid.jpg\";i:2;s:42:\"/Public/Uploads/goods/sn1000002/03_mid.jpg\";}','a:3:{i:0;s:44:\"/Public/Uploads/goods/sn1000002/01_small.jpg\";i:1;s:44:\"/Public/Uploads/goods/sn1000002/02_small.jpg\";i:2;s:44:\"/Public/Uploads/goods/sn1000002/03_small.jpg\";}',1000002,7,1476106855),(11,'良品铺子 手剥松子218g 坚果炒货 巴西松子','a:3:{i:0;s:42:\"/Public/Uploads/goods/sn1000003/01_big.jpg\";i:1;s:42:\"/Public/Uploads/goods/sn1000003/02_big.jpg\";i:2;s:42:\"/Public/Uploads/goods/sn1000003/03_big.jpg\";}','a:3:{i:0;s:42:\"/Public/Uploads/goods/sn1000003/01_mid.jpg\";i:1;s:42:\"/Public/Uploads/goods/sn1000003/02_mid.jpg\";i:2;s:42:\"/Public/Uploads/goods/sn1000003/03_mid.jpg\";}','a:3:{i:0;s:44:\"/Public/Uploads/goods/sn1000003/01_small.jpg\";i:1;s:44:\"/Public/Uploads/goods/sn1000003/02_small.jpg\";i:2;s:44:\"/Public/Uploads/goods/sn1000003/03_small.jpg\";}',1000003,7,1476106872),(12,'良品铺子 手剥松子218g 坚果炒货 巴西松子','a:3:{i:0;s:42:\"/Public/Uploads/goods/sn1000004/01_big.jpg\";i:1;s:42:\"/Public/Uploads/goods/sn1000004/02_big.jpg\";i:2;s:42:\"/Public/Uploads/goods/sn1000004/03_big.jpg\";}','a:3:{i:0;s:42:\"/Public/Uploads/goods/sn1000004/01_mid.jpg\";i:1;s:42:\"/Public/Uploads/goods/sn1000004/02_mid.jpg\";i:2;s:42:\"/Public/Uploads/goods/sn1000004/03_mid.jpg\";}','a:3:{i:0;s:44:\"/Public/Uploads/goods/sn1000004/01_small.jpg\";i:1;s:44:\"/Public/Uploads/goods/sn1000004/02_small.jpg\";i:2;s:44:\"/Public/Uploads/goods/sn1000004/03_small.jpg\";}',1000004,7,1476106916),(13,'测试006','a:3:{i:0;s:40:\"/Public/Uploads/goods/sn1011/001_big.jpg\";i:1;s:40:\"/Public/Uploads/goods/sn1011/002_big.jpg\";i:2;s:40:\"/Public/Uploads/goods/sn1011/003_big.jpg\";}','a:3:{i:0;s:40:\"/Public/Uploads/goods/sn1011/001_mid.jpg\";i:1;s:40:\"/Public/Uploads/goods/sn1011/002_mid.jpg\";i:2;s:40:\"/Public/Uploads/goods/sn1011/003_mid.jpg\";}','a:3:{i:0;s:42:\"/Public/Uploads/goods/sn1011/001_small.jpg\";i:1;s:42:\"/Public/Uploads/goods/sn1011/002_small.jpg\";i:2;s:42:\"/Public/Uploads/goods/sn1011/003_small.jpg\";}',1011,20,1476107010),(14,'测试006','a:3:{i:0;s:40:\"/Public/Uploads/goods/sn1012/001_big.jpg\";i:1;s:40:\"/Public/Uploads/goods/sn1012/002_big.jpg\";i:2;s:40:\"/Public/Uploads/goods/sn1012/003_big.jpg\";}','a:3:{i:0;s:40:\"/Public/Uploads/goods/sn1012/001_mid.jpg\";i:1;s:40:\"/Public/Uploads/goods/sn1012/002_mid.jpg\";i:2;s:40:\"/Public/Uploads/goods/sn1012/003_mid.jpg\";}','a:3:{i:0;s:42:\"/Public/Uploads/goods/sn1012/001_small.jpg\";i:1;s:42:\"/Public/Uploads/goods/sn1012/002_small.jpg\";i:2;s:42:\"/Public/Uploads/goods/sn1012/003_small.jpg\";}',1012,20,1476107028),(15,'测试006','a:3:{i:0;s:40:\"/Public/Uploads/goods/sn1010/001_big.jpg\";i:1;s:40:\"/Public/Uploads/goods/sn1010/002_big.jpg\";i:2;s:40:\"/Public/Uploads/goods/sn1010/003_big.jpg\";}','a:3:{i:0;s:40:\"/Public/Uploads/goods/sn1010/001_mid.jpg\";i:1;s:40:\"/Public/Uploads/goods/sn1010/002_mid.jpg\";i:2;s:40:\"/Public/Uploads/goods/sn1010/003_mid.jpg\";}','a:3:{i:0;s:42:\"/Public/Uploads/goods/sn1010/001_small.jpg\";i:1;s:42:\"/Public/Uploads/goods/sn1010/002_small.jpg\";i:2;s:42:\"/Public/Uploads/goods/sn1010/003_small.jpg\";}',1010,20,1476107157),(16,'字幕组','a:3:{i:0;s:52:\"/Public/Uploads/goods/sn200000201/West world_big.jpg\";i:1;s:58:\"/Public/Uploads/goods/sn200000201/The walking dead_big.jpg\";i:2;s:51:\"/Public/Uploads/goods/sn200000201/灵异镇_big.jpg\";}','a:3:{i:0;s:52:\"/Public/Uploads/goods/sn200000201/West world_mid.jpg\";i:1;s:58:\"/Public/Uploads/goods/sn200000201/The walking dead_mid.jpg\";i:2;s:51:\"/Public/Uploads/goods/sn200000201/灵异镇_mid.jpg\";}','a:3:{i:0;s:54:\"/Public/Uploads/goods/sn200000201/West world_small.jpg\";i:1;s:60:\"/Public/Uploads/goods/sn200000201/The walking dead_small.jpg\";i:2;s:53:\"/Public/Uploads/goods/sn200000201/灵异镇_small.jpg\";}',200000201,27,1477199453),(17,'字幕组','a:3:{i:0;s:43:\"/Public/Uploads/goods/sn200000202/1_big.jpg\";i:1;s:43:\"/Public/Uploads/goods/sn200000202/2_big.jpg\";i:2;s:43:\"/Public/Uploads/goods/sn200000202/3_big.jpg\";}','a:3:{i:0;s:43:\"/Public/Uploads/goods/sn200000202/1_mid.jpg\";i:1;s:43:\"/Public/Uploads/goods/sn200000202/2_mid.jpg\";i:2;s:43:\"/Public/Uploads/goods/sn200000202/3_mid.jpg\";}','a:3:{i:0;s:45:\"/Public/Uploads/goods/sn200000202/1_small.jpg\";i:1;s:45:\"/Public/Uploads/goods/sn200000202/2_small.jpg\";i:2;s:45:\"/Public/Uploads/goods/sn200000202/3_small.jpg\";}',200000202,27,1477199453),(18,'字幕组','a:3:{i:0;s:43:\"/Public/Uploads/goods/sn200000203/2_big.jpg\";i:1;s:43:\"/Public/Uploads/goods/sn200000203/3_big.jpg\";i:2;s:43:\"/Public/Uploads/goods/sn200000203/4_big.jpg\";}','a:3:{i:0;s:43:\"/Public/Uploads/goods/sn200000203/2_mid.jpg\";i:1;s:43:\"/Public/Uploads/goods/sn200000203/3_mid.jpg\";i:2;s:43:\"/Public/Uploads/goods/sn200000203/4_mid.jpg\";}','a:3:{i:0;s:45:\"/Public/Uploads/goods/sn200000203/2_small.jpg\";i:1;s:45:\"/Public/Uploads/goods/sn200000203/3_small.jpg\";i:2;s:45:\"/Public/Uploads/goods/sn200000203/4_small.jpg\";}',200000203,27,1477199453),(19,'亿滋 趣多多曲奇饼干缤纷逗巧克力味255g 家庭装','a:3:{i:0;s:45:\"/Public/Uploads/goods/sn200000301/big_big.jpg\";i:1;s:81:\"/Public/Uploads/goods/sn200000301/TB2S_ERdpXXXXXvXXXXXXXXXXXX_!!725677994_big.jpg\";i:2;s:56:\"/Public/Uploads/goods/sn200000301/TB22uaVcpXXXXa_big.jpg\";}','a:3:{i:0;s:45:\"/Public/Uploads/goods/sn200000301/big_mid.jpg\";i:1;s:81:\"/Public/Uploads/goods/sn200000301/TB2S_ERdpXXXXXvXXXXXXXXXXXX_!!725677994_mid.jpg\";i:2;s:56:\"/Public/Uploads/goods/sn200000301/TB22uaVcpXXXXa_mid.jpg\";}','a:3:{i:0;s:47:\"/Public/Uploads/goods/sn200000301/big_small.jpg\";i:1;s:83:\"/Public/Uploads/goods/sn200000301/TB2S_ERdpXXXXXvXXXXXXXXXXXX_!!725677994_small.jpg\";i:2;s:58:\"/Public/Uploads/goods/sn200000301/TB22uaVcpXXXXa_small.jpg\";}',200000301,29,1477554559),(20,'亿滋 趣多多曲奇饼干缤纷逗巧克力味255g 家庭装','a:3:{i:0;s:82:\"/Public/Uploads/goods/sn200000302/TB1B5lrHFXXXXXxXXXXXXXXXXXX_!!0-item_pic_big.jpg\";i:1;s:81:\"/Public/Uploads/goods/sn200000302/TB2MQe0cpXXXXcFXXXXXXXXXXXX_!!725677994_big.jpg\";i:2;s:72:\"/Public/Uploads/goods/sn200000302/T2u_bEXudXXXXXXXXX_!!725677994_big.jpg\";}','a:3:{i:0;s:82:\"/Public/Uploads/goods/sn200000302/TB1B5lrHFXXXXXxXXXXXXXXXXXX_!!0-item_pic_mid.jpg\";i:1;s:81:\"/Public/Uploads/goods/sn200000302/TB2MQe0cpXXXXcFXXXXXXXXXXXX_!!725677994_mid.jpg\";i:2;s:72:\"/Public/Uploads/goods/sn200000302/T2u_bEXudXXXXXXXXX_!!725677994_mid.jpg\";}','a:3:{i:0;s:84:\"/Public/Uploads/goods/sn200000302/TB1B5lrHFXXXXXxXXXXXXXXXXXX_!!0-item_pic_small.jpg\";i:1;s:83:\"/Public/Uploads/goods/sn200000302/TB2MQe0cpXXXXcFXXXXXXXXXXXX_!!725677994_small.jpg\";i:2;s:74:\"/Public/Uploads/goods/sn200000302/T2u_bEXudXXXXXXXXX_!!725677994_small.jpg\";}',200000302,29,1477554559),(21,'良品铺子碧根果奶香味190g坚果零食 干果炒货 山核桃','a:3:{i:0;s:82:\"/Public/Uploads/goods/sn200000401/TB1iAw9KFXXXXaDXVXXXXXXXXXX_!!0-item_pic_big.jpg\";i:1;s:53:\"/Public/Uploads/goods/sn200000401/TB2yQNZX31J_big.jpg\";i:2;s:81:\"/Public/Uploads/goods/sn200000401/TB2GcnbspXXXXbPXpXXXXXXXXXX_!!725677994_big.jpg\";}','a:3:{i:0;s:82:\"/Public/Uploads/goods/sn200000401/TB1iAw9KFXXXXaDXVXXXXXXXXXX_!!0-item_pic_mid.jpg\";i:1;s:53:\"/Public/Uploads/goods/sn200000401/TB2yQNZX31J_mid.jpg\";i:2;s:81:\"/Public/Uploads/goods/sn200000401/TB2GcnbspXXXXbPXpXXXXXXXXXX_!!725677994_mid.jpg\";}','a:3:{i:0;s:84:\"/Public/Uploads/goods/sn200000401/TB1iAw9KFXXXXaDXVXXXXXXXXXX_!!0-item_pic_small.jpg\";i:1;s:55:\"/Public/Uploads/goods/sn200000401/TB2yQNZX31J_small.jpg\";i:2;s:83:\"/Public/Uploads/goods/sn200000401/TB2GcnbspXXXXbPXpXXXXXXXXXX_!!725677994_small.jpg\";}',200000401,30,1477569432),(22,'洽洽手剥巴西松子120g原味 休闲零食 特产坚果','a:3:{i:0;s:82:\"/Public/Uploads/goods/sn200000501/TB1_bF4IVXXXXXNXXXXXXXXXXXX_!!0-item_pic_big.jpg\";i:1;s:81:\"/Public/Uploads/goods/sn200000501/TB2cM5OeXXXXXcnXXXXXXXXXXXX_!!725677994_big.jpg\";i:2;s:81:\"/Public/Uploads/goods/sn200000501/TB28FqveXXXXXbFXpXXXXXXXXXX_!!725677994_big.jpg\";}','a:3:{i:0;s:82:\"/Public/Uploads/goods/sn200000501/TB1_bF4IVXXXXXNXXXXXXXXXXXX_!!0-item_pic_mid.jpg\";i:1;s:81:\"/Public/Uploads/goods/sn200000501/TB2cM5OeXXXXXcnXXXXXXXXXXXX_!!725677994_mid.jpg\";i:2;s:81:\"/Public/Uploads/goods/sn200000501/TB28FqveXXXXXbFXpXXXXXXXXXX_!!725677994_mid.jpg\";}','a:3:{i:0;s:84:\"/Public/Uploads/goods/sn200000501/TB1_bF4IVXXXXXNXXXXXXXXXXXX_!!0-item_pic_small.jpg\";i:1;s:83:\"/Public/Uploads/goods/sn200000501/TB2cM5OeXXXXXcnXXXXXXXXXXXX_!!725677994_small.jpg\";i:2;s:83:\"/Public/Uploads/goods/sn200000501/TB28FqveXXXXXbFXpXXXXXXXXXX_!!725677994_small.jpg\";}',200000501,31,1477747600),(23,'良品铺子猪肉脯小包装猪肉干零食小吃肉干肉脯猪肉铺蜜汁休闲食品','a:3:{i:0;s:47:\"/Public/Uploads/goods/sn200000601/TB1KW_big.jpg\";i:1;s:81:\"/Public/Uploads/goods/sn200000601/TB2d7PnXnoX61Bjy1zkXXc75pXa_!!619123122_big.jpg\";i:2;s:81:\"/Public/Uploads/goods/sn200000601/TB2BcH2qFXXXXXBXXXXXXXXXXXX_!!619123122_big.jpg\";}','a:3:{i:0;s:47:\"/Public/Uploads/goods/sn200000601/TB1KW_mid.jpg\";i:1;s:81:\"/Public/Uploads/goods/sn200000601/TB2d7PnXnoX61Bjy1zkXXc75pXa_!!619123122_mid.jpg\";i:2;s:81:\"/Public/Uploads/goods/sn200000601/TB2BcH2qFXXXXXBXXXXXXXXXXXX_!!619123122_mid.jpg\";}','a:3:{i:0;s:49:\"/Public/Uploads/goods/sn200000601/TB1KW_small.jpg\";i:1;s:83:\"/Public/Uploads/goods/sn200000601/TB2d7PnXnoX61Bjy1zkXXc75pXa_!!619123122_small.jpg\";i:2;s:83:\"/Public/Uploads/goods/sn200000601/TB2BcH2qFXXXXXBXXXXXXXXXXXX_!!619123122_small.jpg\";}',200000601,32,1477793987),(24,'良品铺子猪肉脯小包装猪肉干零食小吃肉干肉脯猪肉铺蜜汁休闲食品','a:3:{i:0;s:81:\"/Public/Uploads/goods/sn200000603/TB2fm8vX3Uc61BjSZFvXXXKfVXa_!!619123122_big.jpg\";i:1;s:53:\"/Public/Uploads/goods/sn200000603/TB2dOIlaH1K_big.jpg\";i:2;s:81:\"/Public/Uploads/goods/sn200000603/TB2BcH2qFXXXXXBXXXXXXXXXXXX_!!619123122_big.jpg\";}','a:3:{i:0;s:81:\"/Public/Uploads/goods/sn200000603/TB2fm8vX3Uc61BjSZFvXXXKfVXa_!!619123122_mid.jpg\";i:1;s:53:\"/Public/Uploads/goods/sn200000603/TB2dOIlaH1K_mid.jpg\";i:2;s:81:\"/Public/Uploads/goods/sn200000603/TB2BcH2qFXXXXXBXXXXXXXXXXXX_!!619123122_mid.jpg\";}','a:3:{i:0;s:83:\"/Public/Uploads/goods/sn200000603/TB2fm8vX3Uc61BjSZFvXXXKfVXa_!!619123122_small.jpg\";i:1;s:55:\"/Public/Uploads/goods/sn200000603/TB2dOIlaH1K_small.jpg\";i:2;s:83:\"/Public/Uploads/goods/sn200000603/TB2BcH2qFXXXXXBXXXXXXXXXXXX_!!619123122_small.jpg\";}',200000603,32,1477794662),(25,'良品铺子猪肉脯小包装猪肉干零食小吃肉干肉脯猪肉铺蜜汁休闲食品','a:3:{i:0;s:81:\"/Public/Uploads/goods/sn200000604/TB2d7PnXnoX61Bjy1zkXXc75pXa_!!619123122_big.jpg\";i:1;s:81:\"/Public/Uploads/goods/sn200000604/TB2BcH2qFXXXXXBXXXXXXXXXXXX_!!619123122_big.jpg\";i:2;s:47:\"/Public/Uploads/goods/sn200000604/TB1KW_big.jpg\";}','a:3:{i:0;s:81:\"/Public/Uploads/goods/sn200000604/TB2d7PnXnoX61Bjy1zkXXc75pXa_!!619123122_mid.jpg\";i:1;s:81:\"/Public/Uploads/goods/sn200000604/TB2BcH2qFXXXXXBXXXXXXXXXXXX_!!619123122_mid.jpg\";i:2;s:47:\"/Public/Uploads/goods/sn200000604/TB1KW_mid.jpg\";}','a:3:{i:0;s:83:\"/Public/Uploads/goods/sn200000604/TB2d7PnXnoX61Bjy1zkXXc75pXa_!!619123122_small.jpg\";i:1;s:83:\"/Public/Uploads/goods/sn200000604/TB2BcH2qFXXXXXBXXXXXXXXXXXX_!!619123122_small.jpg\";i:2;s:49:\"/Public/Uploads/goods/sn200000604/TB1KW_small.jpg\";}',200000604,32,1477794662),(26,'【三只松鼠_开口松子218g】零食坚果特产炒货东北松子奶油味','a:3:{i:0;s:82:\"/Public/Uploads/goods/sn200000701/TB1Qh35KpXXXXXbaXXXXXXXXXXX_!!0-item_pic_big.jpg\";i:1;s:81:\"/Public/Uploads/goods/sn200000701/TB2paOxgFXXXXX0XXXXXXXXXXXX_!!880734502_big.jpg\";i:2;s:72:\"/Public/Uploads/goods/sn200000701/T2EHiXXwJXXXXXXXXX_!!880734502_big.jpg\";}','a:3:{i:0;s:82:\"/Public/Uploads/goods/sn200000701/TB1Qh35KpXXXXXbaXXXXXXXXXXX_!!0-item_pic_mid.jpg\";i:1;s:81:\"/Public/Uploads/goods/sn200000701/TB2paOxgFXXXXX0XXXXXXXXXXXX_!!880734502_mid.jpg\";i:2;s:72:\"/Public/Uploads/goods/sn200000701/T2EHiXXwJXXXXXXXXX_!!880734502_mid.jpg\";}','a:3:{i:0;s:84:\"/Public/Uploads/goods/sn200000701/TB1Qh35KpXXXXXbaXXXXXXXXXXX_!!0-item_pic_small.jpg\";i:1;s:83:\"/Public/Uploads/goods/sn200000701/TB2paOxgFXXXXX0XXXXXXXXXXXX_!!880734502_small.jpg\";i:2;s:74:\"/Public/Uploads/goods/sn200000701/T2EHiXXwJXXXXXXXXX_!!880734502_small.jpg\";}',200000701,33,1477877262);
/*!40000 ALTER TABLE `think_thumb` ENABLE KEYS */;
UNLOCK TABLES;

--
-- Table structure for table `think_user`
--

DROP TABLE IF EXISTS `think_user`;
/*!40101 SET @saved_cs_client     = @@character_set_client */;
/*!40101 SET character_set_client = utf8 */;
CREATE TABLE `think_user` (
  `id` int(11) unsigned NOT NULL AUTO_INCREMENT COMMENT '自增主键',
  `account` varchar(32) COLLATE utf8_unicode_ci NOT NULL COMMENT '用户账号',
  `password` varchar(32) COLLATE utf8_unicode_ci NOT NULL COMMENT '用户密码',
  `email` varchar(32) COLLATE utf8_unicode_ci NOT NULL COMMENT '登陆邮箱',
  `username` varchar(50) COLLATE utf8_unicode_ci NOT NULL COMMENT '用户名称',
  `phone` varchar(11) COLLATE utf8_unicode_ci NOT NULL COMMENT '注册手机',
  `nickname` varchar(32) COLLATE utf8_unicode_ci NOT NULL COMMENT '昵称',
  `sexy` varchar(8) COLLATE utf8_unicode_ci NOT NULL COMMENT '性别',
  `birth` int(13) NOT NULL COMMENT '出生日期',
  `header_img` varchar(200) COLLATE utf8_unicode_ci NOT NULL COMMENT '用户头像',
  `iphone` varchar(11) COLLATE utf8_unicode_ci NOT NULL COMMENT '用户手机',
  `iemail` varchar(32) COLLATE utf8_unicode_ci NOT NULL COMMENT '用户邮箱',
  `is_block` int(1) NOT NULL COMMENT '0=正常，1=冻结',
  `addtime` int(13) NOT NULL COMMENT '注册时间',
  PRIMARY KEY (`id`),
  KEY `account` (`account`),
  KEY `account_2` (`account`)
) ENGINE=InnoDB AUTO_INCREMENT=6 DEFAULT CHARSET=utf8 COLLATE=utf8_unicode_ci;
/*!40101 SET character_set_client = @saved_cs_client */;

--
-- Dumping data for table `think_user`
--

LOCK TABLES `think_user` WRITE;
/*!40000 ALTER TABLE `think_user` DISABLE KEYS */;
INSERT INTO `think_user` VALUES (4,'penn','202cb962ac59075b964b07152d234b70','penn_z@aliyun.com','黄鹏鹏','13512345678','鹏1','male',1474992000,'/Public/Uploads/Images/Person/id4/57ed34bfecfe7.jpg','12345678904','betwsne@gmail.com',0,1474871883),(5,'betwsne','e10adc3949ba59abbe56e057f20f883e','betwsne@gmail.com','','','','',-28800,'/Public/Uploads/Images/Person/id5/581b2806c20a6.jpg','','',0,1476620964);
/*!40000 ALTER TABLE `think_user` ENABLE KEYS */;
UNLOCK TABLES;
/*!40103 SET TIME_ZONE=@OLD_TIME_ZONE */;

/*!40101 SET SQL_MODE=@OLD_SQL_MODE */;
/*!40014 SET FOREIGN_KEY_CHECKS=@OLD_FOREIGN_KEY_CHECKS */;
/*!40014 SET UNIQUE_CHECKS=@OLD_UNIQUE_CHECKS */;
/*!40101 SET CHARACTER_SET_CLIENT=@OLD_CHARACTER_SET_CLIENT */;
/*!40101 SET CHARACTER_SET_RESULTS=@OLD_CHARACTER_SET_RESULTS */;
/*!40101 SET COLLATION_CONNECTION=@OLD_COLLATION_CONNECTION */;
/*!40111 SET SQL_NOTES=@OLD_SQL_NOTES */;

-- Dump completed on 2016-11-03 23:13:32
